ID,UUID,timeStart,duration,pureDuration,speedStart,speedStop,speedMedian,prevEventSpeed,accelerationDirect,accelerationLateral,accelerationVertical,accelerationDirectEnd,accelerationLateralEnd,accelerationVerticalEnd,UNIQUE_ID,type,accidentTrigger,reliability,synced
7,BF75E495-252E-4D38-BA42-44DEE8DFDF41,1742356231157.0,6247.0,3110.0,3.585383176803589,2.485071897506714,3.5854,0.06822187453508377,-3.898898860719416,-2.1543119752259123,9.04792200684201,0.207066576509344,-3.1521069006673854,9.293892428135978,2002117233,Braking,NOT_DEFINED,86.18750316133877,1
8,3104FBD3-7DC4-41EF-AEB6-16827666B975,1742356240134.0,1924.0,32.0,2.485071897506714,2.485071897506714,3.5013,3.585383176803589,2.719619879115826,-3.8873422370807384,9.272577936234532,1.710344937019555,-3.0880679425779043,10.848883791253595,2002117233,Acceleration,NOT_DEFINED,84.16586847180103,1
9,FE5A426E-65B9-4B49-8D02-0E648B3FE143,1742356247714.0,2959.0,98.0,7.442918300628662,7.442918300628662,7.4429,3.5012764930725098,-2.815396080811935,-0.18613617774688795,14.397745358738225,0.017015475226555665,-0.03034801108087115,12.280639536691222,2002117233,Braking,NOT_DEFINED,-1.0,1
10,91CC3937-12DF-454B-A75A-883B50AA2FF9,1742356260804.0,827.0,113.0,1.8371614217758179,1.8371614217758179,1.8372,8.914650917053223,3.1354870302343603,-0.0949379339233074,9.559937544745118,1.4946211987676454,-0.12084503165617333,10.763358099156122,2002117233,Acceleration,NOT_DEFINED,44.16346315836771,1
11,6C13912F-3B98-49AF-8A6E-085DA4256B57,1742356295612.0,1823.0,162.0,3.3532822132110596,3.8634297847747803,3.8634,6.637444019317627,-2.9502904855705845,-0.29670981269231245,7.6051688879068715,-1.0510824718133973,-0.02587625656348297,10.207705169050113,2002117233,Braking,NOT_DEFINED,92.87019571415078,1
12,04772BE4-9401-470B-B7C6-4C9AB9B50D3C,1742357795353.0,1721.0,144.0,0.9718390107154846,1.6170750856399536,2.497,1.4635101556777954,-2.741905215759405,-1.2366648142373486,12.913631984000219,0.6587849817505305,0.21833827220980828,11.121171866826806,1457788001,Braking,NOT_DEFINED,60.02404066320715,1
13,A7B72473-AB72-4C97-89A9-BE64D2494638,1742357815611.0,11810.0,7510.0,0.0433315671980381,0.6541685461997986,0.3594,0.1262231022119522,-3.1904437419753195,-1.7466845007525436,6.58905171760541,-2.0324076576811647,4.577557626282884,12.522424009420037,1457788001,Braking,NOT_DEFINED,8.639423393815237,1
14,CE54C1DF-AFA3-458D-8DCD-0EC79710E219,1742357828963.0,17775.0,3267.0,0.9934555888175964,0.6118054389953613,1.0041,0.6541685461997986,2.838805746107146,5.594631025160681,12.27625365941489,2.5811215175223574,0.5663318798686072,7.478958387755782,1457788001,Acceleration,NOT_DEFINED,24.137020116109852,1
15,27E52AC6-C89F-4323-893B-2310D2BB3A1D,1742357853852.0,4861.0,356.0,0.19200512766838074,0.8992400169372559,0.7204,0.2881261706352234,-1.8373272593004821,-3.0991675610602876,9.305609172752552,0.18833377645671867,2.9468415462997357,8.014179038974518,1457788001,Cornering,NOT_DEFINED,17.31730832750278,1
16,ED0407B9-C80E-44AC-A03D-81F5F08A3FC9,1742357868018.0,34882.0,2216.0,0.6082910895347595,0.018233351409435272,0.4881,0.49943849444389343,1.4744434777515887,3.1450224163661664,11.665867015476486,1.0147290762320904,2.586307808181014,9.658164664680314,1457788001,Cornering,NOT_DEFINED,11.733173507293316,1
17,E1B396B2-EB3A-47C1-BC6B-4C28761BF42D,1742357907552.0,49327.0,40266.0,0.6817654371261597,0.6400092840194702,0.6029,0.49597543478012085,4.998251452088679,3.490636887156456,13.288981787788677,3.9243519075961064,-0.4197310312717879,8.021939455429203,1457788001,Cornering,NOT_DEFINED,14.492788993130793,1
18,6BFB958A-4A4A-4BA5-9610-3730175D04EE,1742357859572.0,102328.0,11484.0,0.5462712049484253,0.3761737048625946,0.4978,0.8992400169372559,2.790676047097865,0.8314677147748721,9.375469660814103,2.4177071804597268,-1.206515548328897,9.957715192890738,1457788001,Acceleration,NOT_DEFINED,11.966346592769131,1
19,FB7F2192-B37B-4F11-9DF4-A237332B7246,1742357962047.0,5821.0,5756.0,0.3761737048625946,0.44769391417503357,0.3762,1.1786420345306396,-5.521270699951597,-2.808491031523807,4.438772708565585,-2.5601909532981453,-8.465959416326276,4.657268270151335,1457788001,Braking,NOT_DEFINED,9.04326956247438,1
20,CABADBA1-AABB-4A83-82FD-DF0A7A2A1B48,1742357961676.0,14208.0,11682.0,0.3761737048625946,0.4530313014984131,0.4515,1.1786420345306396,6.92874357842712,3.165955588818596,7.907469798877765,8.569859784584327,-2.9792804140572007,4.492978203826656,1457788001,Cornering,NOT_DEFINED,10.85336578271447,1
21,A57820E1-0ECC-49C6-95AB-45EAB859273F,1742357968325.0,21190.0,21109.0,0.44769391417503357,0.4479007124900818,0.4515,0.36659157276153564,2.841237709855347,-7.8218500643897215,5.698838021996101,2.6954383855028903,0.0010344976693974495,9.704377030588272,1457788001,Acceleration,NOT_DEFINED,10.85336578271447,1
22,9462F5F4-89D6-4AEA-B582-5BB1F7F9BAD0,1742388100007.0,1342.0,340.0,0.42831575870513916,0.015997545793652534,0.4283,0.05349421501159668,3.1413335566217384,-1.5272426491279225,11.746275484938653,2.1903391687846736,7.946994753609906,5.149497239829219,196542710,Acceleration,NOT_DEFINED,10.295673454566128,0
23,87C17904-1536-4DE3-807A-8B3550714BF0,1742388100249.0,20426.0,20426.0,0.42831575870513916,4.807283039554022e-05,0.0001,0.05349421501159668,3.8662807506405716,3.2747729241069665,7.47205153811689,-0.08517145859753439,2.980810883912945,9.321524296257847,196542710,Cornering,NOT_DEFINED,0.0024038462420187087,0
24,EACBBE3C-2E1A-4EBE-8724-A8F8D4360E6F,1742388127693.0,11452.0,9162.0,0.3691374957561493,0.0002394920593360439,0.0826,0.36793163418769836,-0.7141173885162466,-3.1785237577907273,10.26470752047348,-0.0779956120270184,-2.9994139205963792,9.6176091911251,196542710,Cornering,NOT_DEFINED,1.9855769959074536,0
32,3A482EAA-96D0-497C-8DF3-1C156E9F22D9,1742391157215.0,1751.0,338.0,5.094893455505371,4.889965534210205,5.0949,0.12982599437236786,-9.52056142568447,3.05755481622501,1.4252025487496576,-9.98907075659773,2.791294551608756,4.026987541766669,565024602,Cornering,NOT_DEFINED,-1.0,0
33,FDC76702-B2AB-4EC9-9C9B-35202BB72357,1742391156970.0,2012.0,2012.0,5.094893455505371,4.9207916259765625,5.0949,0.12982599437236786,-4.54903246379441,0.8234437772980256,4.06369814293807,10.179526355780277,0.10143675542594321,4.133437791458827,565024602,Braking,NOT_DEFINED,-1.0,0
34,4FAE5E69-A028-4C03-928A-89C1AB7A620E,1742391158982.0,103027.0,97329.0,4.9207916259765625,4.446959495544434,5.3026,4.889965534210205,10.179526355780277,0.10143675542594321,4.133437791458827,1.8553726396138677,-2.0427716045948148,9.270483695275145,565024602,Acceleration,NOT_DEFINED,-1.0,0
35,064CF6DC-B0F2-4289-AA02-1E08301D4E07,1742391395899.0,1853.0,82.0,4.978883743286133,3.98000168800354,3.98,5.0327043533325195,-3.79342671992258,3.1519272918490295,18.111564902332955,-2.6950788097814056,3.581184239497291,19.16522565249858,565024602,Braking,NOT_DEFINED,95.6730804323446,0
36,A82FA072-3F08-453E-AC20-5CB3488CABAD,1742391396175.0,4875.0,165.0,4.978883743286133,3.335764169692993,3.7185,5.0327043533325195,2.7028563500201335,0.09316269184682868,12.651557353889007,0.30299043925089875,-0.8293804575309528,10.567439418542458,565024602,Acceleration,NOT_DEFINED,89.38702250946568,0
37,B0717E6F-537E-42A2-B89E-4F09B73F7A64,1742391511672.0,943.0,48.0,1.434520959854126,1.689254641532898,1.5642,2.672825813293457,3.4306324064826796,-0.7914263318489021,3.559285521764095,1.222171161681854,0.9108766614087118,15.612321337063833,565024602,Acceleration,NOT_DEFINED,37.600962917656645,0
38,D8641B5B-3919-43FE-8F80-33D5AF6A738C,1742391510794.0,2718.0,113.0,2.672825813293457,1.689254641532898,1.5642,3.302666425704956,-3.0172314866163603,4.262653945910478,11.44772431343055,-2.6241172388512832,1.190451505635345,11.42114041208966,565024602,Braking,NOT_DEFINED,37.600962917656645,0
39,84910D74-E0A3-438F-99B2-0759561D45B4,1742391617893.0,5631.0,64.0,1.069016933441162,1.4700546264648438,1.4466,1.485112190246582,2.8295196507043388,-1.0095244004663195,8.814756638690003,0.8036828470186003,-1.1189321476543912,9.51755552532933,565024602,Acceleration,NOT_DEFINED,34.77403973704264,0
40,227DD75D-84AE-4273-BF4F-9B334666F4CD,1742391762275.0,654.0,48.0,4.048709869384766,3.3565890789031982,2.4027,5.804259300231934,-2.347442611208037,3.1444738427115397,10.685482343319896,-0.4932234888678667,2.0171483470525993,13.00144926995879,565024602,Cornering,NOT_DEFINED,57.7572136569835,0
41,A67C9AB0-3827-4128-8B21-F75B7154D122,1742392020402.0,2266.0,113.0,0.0035947624128311872,1.9086934328079224,1.799,0.6816470623016357,2.3136966548560864,-4.331242252268363,7.308478102743886,-0.6965744211793685,1.534445745980601,11.95632378321252,565024602,Cornering,NOT_DEFINED,43.245193893916564,0
42,48C0469E-6469-4C84-B797-3443850B2479,1742392075280.0,2340.0,48.0,3.6798341274261475,3.806265115737915,4.0742,3.9648635387420654,2.593768501936583,-3.211559712365202,8.792697180122879,-1.2303495901147554,2.354358912060412,14.387601139283547,565024602,Cornering,NOT_DEFINED,97.93750359232622,0
43,179C0119-4A52-4B9E-B04C-78AD80E1DA35,1742392123402.0,4329.0,113.0,3.372819423675537,4.425334453582764,4.8716,4.560233116149902,2.1604433610569016,-3.2552301829824533,6.236739630454772,0.5437201482260596,-0.6992177364998231,12.395562149868173,565024602,Cornering,NOT_DEFINED,-1.0,0
44,58F11175-3BB4-4A64-BCAD-8CCFE6B5F7B1,1742392140042.0,1377.0,80.0,5.342340469360352,5.808534145355225,5.7939,5.028540134429932,3.453497839077213,-3.9703713248670374,7.273076480959497,1.8474225941971145,-2.42902519011703,10.239461772772934,565024602,Acceleration,NOT_DEFINED,-1.0,0
45,0C11F1C8-37A7-4D5F-B9EE-CC03BC232BDB,1742392134973.0,8531.0,226.0,5.074892520904541,5.52308988571167,5.5231,4.811910152435303,3.0507918428239407,-3.3636053748769985,11.286544059474219,0.45881259623405535,-0.1573841615360199,10.58672227642004,565024602,Cornering,NOT_DEFINED,-1.0,0
46,358982E9-9441-4D73-96B1-9AE97159B8F0,1742392171111.0,1214.0,139.0,1.9914255142211914,1.9513583183288574,0.6602,2.811687469482422,-0.5801908312482548,3.0679062679164586,13.196803571000968,-1.5277888772982249,2.8895544538666584,11.249737966886125,565024602,Cornering,NOT_DEFINED,15.870192889807512,0
47,AD244228-7E73-4AA4-B15D-F9D273F4BB8B,1742392209995.0,841.0,211.0,1.134497877586238e-12,6.402555894312323e-13,0.3059,2.002525532548982e-12,3.422100098195955,-7.221129259855824,11.074575572563413,-0.09860440680802367,0.4719575326093012,6.490114628083727,565024602,Acceleration,NOT_DEFINED,7.35336565433523,0
48,7ECDC536-655C-4ECC-9619-38FDA46FDC9A,1742392209816.0,7724.0,2535.0,1.134497877586238e-12,0.22783826291561127,0.2278,2.002525532548982e-12,-2.862499402849192,0.6677496610327165,16.035397042281236,-2.6010437760236615,-3.009829395837393,7.900367527139924,565024602,Braking,NOT_DEFINED,5.475961739318619,0
49,07F01B48-755E-4C23-ACA0-9EF377991701,1742392209929.0,8143.0,5208.0,1.134497877586238e-12,0.24501948058605194,0.2278,2.002525532548982e-12,0.22013898127495146,-3.098188429644616,9.600474333621996,-0.8068120275895856,-2.9873593889275587,10.264111304874827,565024602,Cornering,NOT_DEFINED,5.475961739318619,0
50,A3F30442-650F-40DC-89E0-B0C8F9F12FCE,1742392223173.0,1571.0,160.0,0.026809383183717728,0.015284179709851742,0.0087,0.04712463915348053,-2.73945138474206,-1.130454052185889,9.459873450257113,-2.69705726881166,-1.2222131093526618,9.663291266844983,565024602,Braking,NOT_DEFINED,0.2091346230556276,0
51,3AEEE24A-06B0-4058-81FF-660FCEB7C767,1742392279984.0,2421.0,507.0,2.9503638457841934e-24,0.6699118614196777,0.3912,7.911501164590908e-23,-0.7732174737663803,3.0781566595701597,9.233893414751623,-3.1660752411523307,2.4316742313154602,12.49484327319188,565024602,Cornering,NOT_DEFINED,9.403846498777186,0
52,770ED9C4-BCBD-4471-9D0F-16FA34D5D9A8,1742392280946.0,7360.0,659.0,1.092917603636652e-25,0.6520416736602783,0.3912,2.9503638457841934e-24,-3.1191641671956747,3.0195789631140917,11.354869684256224,-2.1351220413906686,-1.9841918875356288,9.771694801220516,565024602,Braking,NOT_DEFINED,9.403846498777186,0
53,AC232B9F-18A2-4FBF-B504-AC3D2B46BBE5,1742392295754.0,2867.0,275.0,2.6411543174731378e-08,2.91337259872293e-10,0.0,9.818094071079031e-08,-1.0759443194313727,-3.2699755088031557,11.348220234789952,-0.6888797465512362,-2.5562739535610417,9.016423138434883,565024602,Cornering,NOT_DEFINED,0.0,0
54,6E9AC422-3BA8-4A88-9551-CC9A896564D5,1742392341028.0,1958.0,511.0,0.2892276346683502,0.2829793095588684,0.283,0.0438927486538887,-0.5887901725903218,-3.3113142795045736,10.308196137778907,-0.45325689589931295,-2.8331727958197463,8.110170400211688,565024602,Cornering,NOT_DEFINED,6.8028848649129445,0
55,484AE587-847B-4A1E-B28A-41283510CCA2,1742392344425.0,2699.0,95.0,0.05127884820103645,0.31711429357528687,0.1417,0.2829793095588684,2.8515076423538592,0.301406128123586,8.843921492549143,2.649101255711146,1.4424103950100735,10.12493892354811,565024602,Acceleration,NOT_DEFINED,3.40625012494051,0
56,F5920160-4D1F-4F00-88D0-68F2C5C55800,1742392356054.0,726.0,306.0,0.047716304659843445,0.013639229349792004,0.1324,0.38385844230651855,2.7693342607732334,1.930471936913331,10.02107968642666,2.615557272167508,-1.678484563945621,9.502168777728816,565024602,Acceleration,NOT_DEFINED,3.1826924244327697,0
57,202DF618-064F-4BD9-95D9-ED4B6EA4564F,1742392356407.0,3631.0,1475.0,0.013639229349792004,0.1324426829814911,0.1324,0.047716304659843445,-3.228812445676055,1.525251426071493,8.327912022944924,-2.390965193574261,3.798633941185419,8.530667106864534,565024602,Braking,NOT_DEFINED,3.1826924244327697,0
58,5D3EDCA4-5019-40BD-9E83-5FBD3C7C940D,1742392360544.0,1559.0,1230.0,0.3120451271533966,0.046327535063028336,0.1301,0.1324426829814911,2.8362574301613326,1.575385937284759,9.287014860551926,2.514682331870553,-4.8073114130142915,7.651564055899639,565024602,Acceleration,NOT_DEFINED,3.1274039608663395,0
59,6F475DA3-BB35-4E9B-A26F-BAE00AE975C0,1742392355566.0,12126.0,7445.0,0.047716304659843445,0.018699409440159798,0.1301,0.38385844230651855,1.6692147264796904,3.105522673487659,8.92734738004068,-0.041649165035254065,-2.9002072187109658,9.42934762643166,565024602,Cornering,NOT_DEFINED,3.1274039608663395,0
60,CDD6267C-A1E7-4F81-B2DA-59768F766709,1742399814373.0,12695.0,7986.0,6.38352632522583,6.0413336753845215,6.1312,8.956038982432801e-06,4.0635451556917,0.3668083319412345,6.866952306818891,1.9913941637024712,1.637637183803516,11.256495510789746,315396716,Acceleration,NOT_DEFINED,-1.0,0
61,2EB75DDE-E458-4096-AE26-007A97AA037F,1742399831516.0,2718.0,68.0,6.1068115234375,5.534929275512695,6.0364,6.313957214355469,3.2767735860643756,10.462259671060101,18.018662240108803,2.1663422673394197,1.7229265912222622,15.994898820283757,315396716,Acceleration,NOT_DEFINED,-1.0,0
62,C4992D5A-2BA3-4CE3-AD3B-EF356D0485A2,1742399815543.0,21577.0,1169.0,6.38352632522583,6.957655906677246,6.1312,8.956038982432801e-06,17.796611435395487,4.278193435918206,10.135322445007194,-0.677537056724602,1.7425121533414565,10.861330784686087,315396716,Cornering,NOT_DEFINED,-1.0,0
63,E85D2343-C153-4B77-B5CA-99D568512BA1,1742399848145.0,1180.0,96.0,5.273717880249023,5.156871795654297,5.7823,5.376087188720703,0.014438731195918875,-3.282304513747459,9.690687923512122,-0.03405757903546225,-2.66335940608662,8.344898321499395,315396716,Cornering,NOT_DEFINED,-1.0,0
64,9E57311D-B3CE-4DFC-8527-A69203EA92B6,1742399867459.0,1328.0,144.0,5.109853267669678,4.275817394256592,4.2758,5.982597351074219,0.3652680264647046,3.6873004782171233,14.561342721412569,-0.24521320850246253,-1.4841395453802062,9.947149581050066,315396716,Cornering,NOT_DEFINED,-1.0,0
65,047DEA8A-C713-41B4-983D-C5B3FD3A2FEB,1742399881937.0,1004.0,245.0,5.576526165008545,5.573652744293213,5.5737,6.419863700866699,0.15998511499129164,-3.01001576524831,10.33497932088576,-0.050498838276283875,-1.2280470208708432,10.763829096109372,315396716,Cornering,NOT_DEFINED,-1.0,0
66,A9428C03-75CF-4105-B550-EBA291270FC2,1742399892937.0,4428.0,407.0,8.232633590698242,2.767457962036133,3.5516,8.25648307800293,0.8307470486930895,3.121173913303494,8.614972579333951,-0.2919560575088227,-2.4774956690096523,6.323343145338966,315396716,Cornering,NOT_DEFINED,85.37500313153646,0
67,8740953C-2259-490E-A479-C09A6947F7BB,1742399903185.0,1067.0,131.0,4.438088417053223,4.440293788909912,3.647,4.531486988067627,2.411193120809361,3.8964627074173146,9.549174462510177,1.7536710447824735,-0.34558982120849524,9.839477289279639,315396716,Cornering,NOT_DEFINED,87.66827244642229,0
68,AF3CE5D7-8EEC-458F-BE80-852DF5829112,1742399911160.0,1055.0,66.0,3.585361957550049,2.8972861766815186,3.2866,3.4046454429626465,-0.9728164629920828,-3.2205349852050564,10.981221358597399,0.1395520959533898,-2.5819393107811903,8.274367274979614,315396716,Cornering,NOT_DEFINED,79.00481059018686,0
69,048D11F4-5657-4990-BF3C-0421C7D409C8,1742400104770.0,2302.0,260.0,1.033584475517273,1.959503412246704,1.9595,0.978581964969635,-0.5280098530496431,-3.2293509678339998,10.229832090473751,-0.8744327958531435,-1.7727306022528526,9.258114916375547,315396716,Cornering,NOT_DEFINED,47.103367112356594,0
70,B93F6263-BDD2-4BA2-831A-088000C95A6F,1742400110295.0,1054.0,225.0,3.7802162170410156,4.468467712402344,4.8175,3.1210174560546875,-0.0649198519692964,3.0696762141156895,11.02392989877428,0.18967000158142522,1.914696923164408,9.729828648906151,315396716,Cornering,NOT_DEFINED,-1.0,0
71,9F8CF4AC-5BC4-416F-B315-627D4F2829D4,1742400138091.0,6044.0,80.0,1.1960387229919434,1.4022672176361084,1.4023,1.3400731086730957,0.19368970258758278,-3.757199288594969,10.90675719370843,-0.5355830315452288,-1.2265212043976539,10.570942386650975,315396716,Cornering,NOT_DEFINED,33.70913585182836,0
72,934D9ED0-60FE-4D0C-907A-21D3A1F5DB0A,1742400245321.0,7318.0,3164.0,0.15734297037124634,0.5120525360107422,0.7973,0.34347715973854065,-0.7809312040208982,-4.3619991719421485,6.44174234165076,-4.6370041764863625,-2.19669345574094,10.521334859787384,315396716,Cornering,NOT_DEFINED,19.165866087615164,0
73,E4DF6427-AD77-44B9-A6F6-C30C4435EA4F,1742400242446.0,23205.0,10529.0,1.5866860151290894,1.1709520816802979,0.5121,1.229079246520996,-2.8145832652164167,0.9722858477875946,10.178856301612337,-2.470117011296077,-0.13919239399560412,9.5983929244265,315396716,Braking,NOT_DEFINED,12.310096605377806,0
74,D974EED6-DE05-4D58-8360-719326DDD3BC,1742400305616.0,4019.0,210.0,0.14961029589176178,0.0143607622012496,0.0144,0.3135107159614563,-3.624711031841314,-0.5259237182299596,11.900587714527461,-2.2840182776382,0.6113214220144527,10.141246717508448,315396716,Braking,NOT_DEFINED,0.346153858850694,0
75,C1A8FA9E-A63D-4AEC-8A0D-5AB1B7793784,1742400418254.0,782.0,198.0,0.46601423621177673,0.46601423621177673,0.4309,0.3578246235847473,-2.795758945962903,-0.8031742045948798,13.01979934753176,-2.1452526596467387,-3.0033326872943285,10.189024114521809,315396716,Braking,NOT_DEFINED,10.358173456858616,0
76,7B131C0D-AEE0-4FC5-98FA-7F68ED7E01EE,1742400424280.0,6337.0,1412.0,0.4185417890548706,0.7801324725151062,0.7801,0.3982986509799957,2.9444993027045157,2.8921212593974603,8.529917897450323,2.695336708752399,-1.5322779643197963,6.416566752745961,315396716,Acceleration,NOT_DEFINED,18.752404533987946,0
77,3DD05ED4-908A-4B65-A3ED-52DFBE2FE0E0,1742400424231.0,9914.0,5069.0,0.4185417890548706,0.11179805546998978,0.4185,0.3982986509799957,2.4718549084295893,3.0164381592396134,8.176907906947333,-3.381471961860778,-2.9997812872757867,8.79196155902438,315396716,Cornering,NOT_DEFINED,10.060096522848296,0
78,E2C39B36-B44C-4588-BEEC-9B8CAEC99D30,1742400429732.0,9721.0,6580.0,0.947746217250824,0.0052151731215417385,0.0332,0.9505026936531067,-2.800314813028852,-5.427053814855251,10.814450874156257,-2.61857451303562,-0.08935603946964021,10.299702708830404,315396716,Braking,NOT_DEFINED,0.7980769523502111,0
79,212FD3CB-F470-4118-8C76-616ECB5E0016,1742400459932.0,18766.0,442.0,5.21299409866333,7.862905502319336,7.1744,5.024542331695557,-3.2108357090831143,1.385165886999829,11.730975691816795,-0.697996997040978,0.6866821355862959,11.843554576634677,315396716,Braking,NOT_DEFINED,-1.0,0
80,217F3038-A9BB-44AE-AF8F-30973C8EC2FD,1742400464678.0,29914.0,699.0,7.270751476287842,8.608677864074707,7.8766,7.510036468505859,3.0387410114617883,-1.2810789512036351,7.954964044981765,2.428411313362223,-0.8392682257981775,10.462275489317687,315396716,Acceleration,NOT_DEFINED,-1.0,0
81,AFD407CB-3731-49EC-A86F-538B2F8ACC69,1742400483590.0,21111.0,636.0,7.702081203460693,9.969965934753418,8.811,8.02116584777832,-4.474389378386883,1.6729331004292283,11.825420237082112,0.4139256700077602,0.09545272815057584,9.250961018124212,315396716,Braking,NOT_DEFINED,-1.0,0
82,E79604B0-AAB1-4A38-9241-4EE360CAA0BE,1742400498630.0,11129.0,322.0,8.944840431213379,9.77169132232666,9.8506,9.000350952148438,2.7065721690714515,-0.7050560056368833,8.02703236318749,-0.20727429448365792,-0.5543586976703875,10.86843460791901,315396716,Acceleration,NOT_DEFINED,-1.0,0
83,93F0F2C1-F509-4DD4-A9C7-957172038EB5,1742400507924.0,3619.0,113.0,10.332197189331055,8.30020523071289,8.3002,10.18542766571045,-3.0075490063274586,1.5138522568997737,10.55486353251179,-0.8896325975353818,1.110698340128601,9.600346938752054,315396716,Braking,NOT_DEFINED,-1.0,0
84,A5BE84A1-60F7-440A-874F-531ACB8E9CFD,1742400524846.0,943.0,48.0,3.557035207748413,3.6082184314727783,3.6082,2.98075270652771,5.19750831211877,-3.232536282836451,10.346022135517378,-2.322137874624112,1.828094847028642,11.086329730062676,315396716,Cornering,NOT_DEFINED,86.73558010451904,0
85,4C013F31-4259-4468-89C1-6A4F0A129589,1742400528935.0,2320.0,114.0,2.2170348167419434,2.5250089168548584,2.525,2.675147771835327,4.788495347294499,-3.170825718683337,7.1848632642463475,1.8911085113509554,-1.1298648537225415,12.425848182757694,315396716,Cornering,NOT_DEFINED,60.69711761097239,0
86,3F01558E-F0A9-4E66-B5AA-D5103CCB68CB,1742400520640.0,16107.0,843.0,2.7784276008605957,4.436371326446533,3.557,2.9809629917144775,-4.974262447585433,3.229265336464038,12.795310480912434,1.3903282553629763,1.0763693404790564,10.367630533659902,315396716,Braking,NOT_DEFINED,85.50481082860546,0
87,D780BB74-B270-41F6-935D-4CD69B572A07,1742400520169.0,17260.0,2110.0,2.7784276008605957,4.436371326446533,3.557,2.9809629917144775,2.9505905907342607,-0.8506067096298531,8.986676056506216,1.2404589834705746,-0.9784020119160944,8.368749110897634,315396716,Acceleration,NOT_DEFINED,85.50481082860546,0
88,57BA0C9C-B61B-4B1B-8D27-E1D5F342D901,1742400552219.0,2387.0,83.0,7.197361469268799,6.913697242736816,6.8927,7.306412696838379,3.041445715659606,-1.0122303763970197,5.591264263435692,1.096078958503671,-0.9756149674042627,9.280610462957691,315396716,Acceleration,NOT_DEFINED,-1.0,0
89,315C9EC8-DCD8-4DDF-AA77-5F72AA8145B2,1742400563582.0,4667.0,177.0,6.896116733551025,3.3130621910095215,3.3131,6.7823286056518555,-2.780455282877054,1.7658284670232631,11.889717086371077,-1.3366854397252461,1.3850502726797735,12.31813176803037,315396716,Braking,NOT_DEFINED,79.64182984432183,0
90,31A5DC84-CE0E-43A5-BDAD-B456E256D13D,1742400566368.0,1961.0,98.0,4.69510555267334,3.3130621910095215,2.3981,5.954861640930176,3.24345816200145,-1.7000159810426978,13.598690106610427,1.9604410567355635,-0.5798427896148636,9.367857880997809,315396716,Acceleration,NOT_DEFINED,57.64663672985065,0
91,3AC95A16-9E93-4B88-91A1-9CAEEFA2B332,1742400571710.0,1150.0,49.0,1.9233590364456177,1.437825083732605,1.4378,2.081594944000244,3.305257252109471,-1.3238596315217153,7.672093206048238,1.0138076162378271,0.3323241778683982,10.195679453259526,315396716,Acceleration,NOT_DEFINED,34.56250126774499,0
92,4ECADFF0-9060-4FA1-B1FD-839EEFB2520D,1742400588040.0,716.0,33.0,5.919045925140381,6.4360032081604,5.7972,4.248843193054199,3.669906720197968,-2.0641968261770156,6.547935817617532,0.13938017148896323,-0.6582119407526719,9.10925734482513,315396716,Acceleration,NOT_DEFINED,-1.0,0
93,A762795A-3718-4624-804E-1B8641B46D36,1742400587733.0,6003.0,313.0,4.248843193054199,2.975487470626831,4.0046,2.4034461975097656,-3.933030540390525,1.496985433940789,11.509126311217935,-0.7853159849058986,-0.002899643768116078,9.878388354691861,315396716,Braking,NOT_DEFINED,96.26442660788119,0
94,38E2315A-6DC0-4E61-86B8-E3D21DB847AA,1742400600936.0,4781.0,97.0,3.9530081748962402,3.3759918212890625,4.4593,4.156976699829102,6.254931098119939,-3.22545263992074,8.251039094477104,-2.3450302192056034,-0.9385001678748492,14.755538781700839,315396716,Cornering,NOT_DEFINED,-1.0,0
95,26DDCBEE-678B-428B-AF7F-A3A30A859C69,1742400600968.0,4781.0,371.0,3.9530081748962402,3.3759918212890625,4.4593,4.156976699829102,-5.5765916872999,1.4219231571554636,13.166088482710133,-2.450025554593775,1.3750624412476626,12.324011255230136,315396716,Braking,NOT_DEFINED,-1.0,0
96,08E1C46D-01D1-4876-8296-C4D9812355FF,1742400599313.0,6534.0,469.0,4.153426647186279,3.3759918212890625,4.3092,4.703685760498047,2.8997290033024337,-1.2329333228192803,9.6482239140649,2.6925096283959604,-1.7274871136050427,7.788430035411913,315396716,Acceleration,NOT_DEFINED,-1.0,0
97,2F06C98F-3512-4C8A-A0EE-5D2D87BB8368,1742400609509.0,653.0,64.0,5.185266971588135,3.8253273963928223,3.8253,4.723974704742432,-3.2832014764780535,1.6936491416990775,9.513125062486049,-0.982055732899982,0.3085048695720797,9.508164872661895,315396716,Braking,NOT_DEFINED,91.95433029594165,0
98,FDA900D7-ABB1-4281-B828-DF983A80B124,1742400611144.0,1688.0,130.0,2.5310282707214355,3.8572683334350586,4.3675,3.8253273963928223,3.0507397825600604,-0.9468716637550967,10.54046059637928,0.42138131877933654,-0.8947591770720079,9.594971412729139,315396716,Acceleration,NOT_DEFINED,-1.0,0
99,3795F512-5F30-48DC-932B-0325AF171BB1,1742400614733.0,2998.0,34.0,4.962346076965332,5.342529296875,4.9623,4.367517471313477,-3.133020549314637,2.4184633836344043,11.133601321581445,-0.535246527669068,0.871773522656947,8.63700485658066,315396716,Braking,NOT_DEFINED,-1.0,0
100,6B5278E3-6356-4140-B0C5-A69B01DF2025,1742400640745.0,1064.0,81.0,4.93065071105957,2.4446802139282227,2.4447,5.5224690437316895,-2.9174229936041,1.4646140470041304,10.80106233931421,-1.2094926657645568,-0.11036432033050714,13.598884027038277,315396716,Braking,NOT_DEFINED,58.76682907863137,0
101,021885B9-D0F1-4214-B649-824D1D41E6D6,1742400667779.0,33892.0,2339.0,2.527885675430298,1.9885773658752441,2.2805,2.8910984992980957,-3.854528485637937,3.4587811649471187,13.854508882198505,-1.9129560627295499,2.0197230478415404,10.832028407297964,315396716,Cornering,NOT_DEFINED,54.81971354923665,0
102,5D92415E-6DFE-4D3A-B90B-E412372C549D,1742400667860.0,38142.0,4930.0,2.527885675430298,5.104935646057129,2.4719,2.8910984992980957,4.526097743078196,-2.903035019212009,7.124471584904933,0.750413466848857,-0.5114812098547947,10.369224756265892,315396716,Acceleration,NOT_DEFINED,59.42067525646046,0
103,14E95D88-E1CA-4EB8-915C-E5E981A62A57,1742400706616.0,2621.0,32.0,5.104935646057129,3.6853489875793457,3.6853,4.052713871002197,-5.41119469615886,3.102683125929973,10.269159044954659,-2.411061721374932,2.289296187786811,16.981169277404152,315396716,Cornering,NOT_DEFINED,88.58894555711547,0
104,D0111B0D-68E9-42DD-BE1B-0AAA3B8CD65B,1742400666355.0,42882.0,4267.0,2.8910984992980957,3.6853489875793457,2.4719,2.2829484939575195,-3.6867990254830736,1.8075565019696118,12.726475492624726,-2.411061721374932,2.289296187786811,16.981169277404152,315396716,Braking,NOT_DEFINED,59.42067525646046,0
105,0D933404-41BB-4103-AA2D-188518A0EE00,1742400718169.0,3914.0,116.0,4.770598888397217,3.3447105884552,2.8394,4.6664204597473145,-5.386290227675257,3.2814301963944272,13.487976021339836,3.4137080968189895,-2.305926076270029,14.26478899249187,315396716,Cornering,NOT_DEFINED,68.25481019587922,0
106,1210DB47-EFA9-42FE-8D7C-5CB70875ABBF,1742400712540.0,9721.0,496.0,2.988957166671753,2.5041663646698,3.5508,2.0266005992889404,-3.017527529953429,1.6574094631759555,13.05712517329184,-1.9651347788556608,1.2382337603546005,10.200177430041645,315396716,Braking,NOT_DEFINED,85.35577236160032,0
107,00A943F1-D609-42FD-8B73-F262D637D6D0,1742400709789.0,16700.0,638.0,1.9911744594573975,4.556321620941162,3.832,3.6853489875793457,2.809805061837073,-1.211958726672193,7.799011743665934,1.259467789744609,-1.0924605590106875,9.594645882543826,315396716,Acceleration,NOT_DEFINED,92.1153879941569,0
108,77A92A27-2A38-4B30-B5D4-E59819479257,1742400727397.0,953.0,112.0,4.556321620941162,5.888641357421875,5.8886,3.831981897354126,-2.8064623660263583,1.2169168540189899,11.451130353400332,-1.891355102999833,1.3629696124395676,12.262313692051466,315396716,Braking,NOT_DEFINED,-1.0,0
109,9D4E1CEA-296C-4E8B-93D3-669F6FED0100,1742400736205.0,8600.0,148.0,6.428579330444336,3.5206332206726074,4.0407,6.702544689178467,-4.7389192020322355,3.8948473557053322,11.496714409277752,-3.5040211351828785,1.3311775571520823,11.262265115357334,315396716,Cornering,NOT_DEFINED,97.13221510124995,0
110,0E104FAD-FCA4-4F18-982B-D9676CCEE268,1742400732613.0,12208.0,503.0,5.896640777587891,3.5206332206726074,4.2129,5.248863697052002,-3.8434066169904675,2.4487386162093774,12.267725872753163,-1.6358204648382393,0.4855249975736099,9.418470666165048,315396716,Braking,NOT_DEFINED,-1.0,0
111,943F1CC5-9D73-4611-8C24-1BD4B65FA108,1742400739116.0,5785.0,336.0,4.212926864624023,3.5206332206726074,3.8492,4.735715389251709,3.2974995970741743,-1.598302375074498,11.516197178953753,2.4013083781272746,-1.5875609619155084,9.194461796679107,315396716,Acceleration,NOT_DEFINED,92.52884954778413,0
112,B2041B9F-D57D-43E1-A482-6BBE23C0C53D,1742400748086.0,1814.0,162.0,5.1322832107543945,5.169494152069092,5.1211,4.756306171417236,-3.608152390111943,1.567390356865839,10.391936110320387,-1.398240790125851,1.178328093284932,10.559544779504085,315396716,Braking,NOT_DEFINED,-1.0,0
113,E6D64A02-A681-4439-8052-F5B676AEC23B,1742400755592.0,1207.0,49.0,5.37004280090332,5.1152119636535645,5.1152,5.302817344665527,-4.276799413228418,2.4697881506007184,10.859386198583596,-1.225711819444082,1.2014158011573532,9.597723175416675,315396716,Braking,NOT_DEFINED,-1.0,0
114,BDDA59AF-3612-42CC-9E2C-C06912058A6E,1742400755512.0,1223.0,65.0,5.37004280090332,5.1152119636535645,5.1152,5.302817344665527,2.8591906749742293,-1.7227829286191108,6.07491383665676,0.27344265957291053,-0.5386242593597182,10.44176694664539,315396716,Acceleration,NOT_DEFINED,-1.0,0
115,EA46B648-CA0C-4BAB-96F1-19B795A07635,1742400763617.0,918.0,33.0,3.4085915088653564,4.140928745269775,4.6403,2.5961451530456543,3.0465708078794203,-1.6536751041804731,4.30732469437496,0.07820113345874599,-0.5218262330184392,10.073538593883308,315396716,Acceleration,NOT_DEFINED,-1.0,0
116,82FBBF04-F036-4552-A66B-157A9F152381,1742400770365.0,2705.0,147.0,5.7727437019348145,4.622047424316406,5.4412,5.373786449432373,-4.2716080763354425,3.0605384060467884,11.66042023751628,-2.555185429575385,1.8231623262104981,10.964393647152873,315396716,Cornering,NOT_DEFINED,-1.0,0
117,F44E3B4E-6279-4269-A70E-5A405D48A1A4,1742400768312.0,13161.0,405.0,5.250911712646484,2.0714550018310547,4.622,4.9964752197265625,3.2559865502486725,-2.093629961623053,9.22182509057323,2.5654770459220484,0.5295985857694997,10.250894451871297,315396716,Acceleration,NOT_DEFINED,-1.0,0
118,D53318F7-F635-41B1-9C7F-2E6E1B686040,1742400768087.0,16564.0,746.0,4.9964752197265625,0.350480318069458,4.4217,4.939363479614258,-2.9075326082043373,2.2637477217862765,11.911565392392568,-2.1048835070678518,-3.264911111293431,8.991506496692748,315396716,Braking,NOT_DEFINED,-1.0,0
119,5247D788-978C-4EB9-9931-70AD5EFCD123,1742400792045.0,5596.0,4082.0,1.4073641300201416,0.5654168725013733,0.5654,0.350480318069458,2.9569768256693494,0.03205785824717533,9.752576795555443,2.6770991074879986,1.4539387757748352,9.378170727519704,315396716,Acceleration,NOT_DEFINED,13.591346652373778,0
120,181B7829-9DA7-49F3-8C1C-44B256DFA897,1742400933171.0,4525.0,1373.0,5.553767550736666e-05,1.2441363334655762,0.9965,0.10760448127985,1.8525637918033235,-4.247970331670606,9.470751871317992,1.580283017128048,-2.80635488682624,9.237402326161453,315396716,Cornering,NOT_DEFINED,23.95432780171643,0
121,9439FD42-6008-4320-902C-28ACA52C5261,1742400933188.0,10040.0,6378.0,5.553767550736666e-05,2.6109237670898438,2.3147,0.10760448127985,2.7425221752951967,-4.82685992695807,8.6862423826181,2.6661623004332005,0.9562527596940901,11.653546177966074,315396716,Acceleration,NOT_DEFINED,55.641828964007054,0
122,8E917200-77AE-4832-8025-E5CA48C04C35,1742400950454.0,2617.0,169.0,2.204068183898926,1.9884568452835083,1.9885,3.0460493564605713,2.2756785225522536,4.0137565496194005,14.177477633260278,1.0204937292332408,-1.2524500517159658,10.44206675015996,315396716,Cornering,NOT_DEFINED,47.80048252254202,0
123,18DDF349-5766-4497-B2B1-A4F793E7BC61,1742400956991.0,2306.0,129.0,3.388068675994873,2.583160877227783,2.5832,3.0380795001983643,1.0712366574189482,3.1454517745222237,9.179663906446176,-0.1191598942009478,1.4027490496577648,11.992646267494434,315396716,Cornering,NOT_DEFINED,62.09615612382728,0
124,6A5B565D-ED73-42E4-BF89-98523731A04C,1742400964210.0,2892.0,82.0,2.440488576889038,2.9985315799713135,2.9985,1.9343359470367432,0.2432705741695036,-3.0284766487039954,10.091853392240933,0.20982863755137388,0.6179468848769308,9.663787777889695,315396716,Cornering,NOT_DEFINED,72.07932956693098,0
125,C8568F37-9F00-4CF9-917A-D9246444E4B5,1742401003732.0,636.0,404.0,0.6420077085494995,0.6420077085494995,0.0075,0.3935265839099884,-2.710668788456373,0.7402054129485277,10.490226357251808,-2.6502351668666524,0.6617440073466287,9.56077567275202,315396716,Braking,NOT_DEFINED,0.18028846815140315,0
126,47A03DBE-256C-4D62-8304-E6F7A6D50098,1742401023241.0,81053.0,70459.0,0.9715093970298767,2.9419047832489014,0.7773,0.007471421267837286,-10.0390358363266,-3.0030283738281907,10.536048206909733,-2.722027816444708,0.4917769876507587,10.095122203142548,315396716,Cornering,NOT_DEFINED,18.685096839211422,0
127,139B4A24-A027-4AF2-BC15-E2BBEC5A6795,1742401022968.0,97161.0,21424.0,0.9715093970298767,2.4052178859710693,1.0157,0.007471421267837286,-3.0117873401543918,-1.6094326509417665,6.33346835974603,-2.692723627046061,0.20147327360485223,9.510139689316269,315396716,Braking,NOT_DEFINED,24.415866280184023,0
128,6B7301C3-FF30-4327-B0AC-27827B472778,1742439667277.0,732.0,32.0,6.470677852630615,6.470677852630615,6.4707,6.056292533874512,2.7616978290839356,-5.202347035591335,12.055660065821314,0.18393637670083188,-0.8080510894304115,14.117239927521949,1949307084,Acceleration,NOT_DEFINED,-1.0,0
129,D4507F92-5D2C-4FE0-91D7-B50CD68C7549,1742439656555.0,20885.0,1295.0,1.9844143390655518,3.729624032974243,6.0563,0.044779520481824875,0.8552244458013607,-3.173422181531462,9.206847902975486,0.2839660187183709,-1.9568044853113997,10.339804716616365,1949307084,Cornering,NOT_DEFINED,-1.0,0
130,E625D47C-5A7E-4848-8561-B2746916E87A,1742439687331.0,4002.0,278.0,1.6639952659606934,1.6639952659606934,1.664,3.729624032974243,-0.966813295337206,3.091154019357011,11.878681018078318,-0.33595531185630845,2.292418441864166,11.0267996169574,1949307084,Cornering,NOT_DEFINED,40.00000146719131,0
131,8FA0FF11-022A-48BA-BD5D-3A88BBEA1476,1742439696657.0,4037.0,83.0,4.700112342834473,4.700112342834473,4.7001,1.6639952659606934,0.01042502751329677,3.2435498647939878,11.011233492282258,1.2171939954686628,-1.9121398379398598,10.292829617297189,1949307084,Cornering,NOT_DEFINED,-1.0,0
132,C108C9BC-CB8E-4B80-B0A4-4082F9EE0CFB,1742439714424.0,2149.0,116.0,4.8608622550964355,4.8608622550964355,4.8609,4.700112342834473,1.6997984374062902,-4.263363687243972,8.854413595923283,0.09243831362761798,1.2405100483726743,9.021774474496743,1949307084,Cornering,NOT_DEFINED,-1.0,0
133,B50BF5D9-1BD8-4236-9EE4-4CE085A12BE0,1742439765718.0,36387.0,1559.0,8.406045913696289,5.891014575958252,6.6627,7.123589992523193,-0.6536297688547623,3.1012160369349466,12.92841028266379,-0.19840585715434625,2.0079701890009534,9.920231517045574,1949307084,Cornering,NOT_DEFINED,-1.0,0
134,674FBD29-DF2A-4321-8C6A-90A11D46F548,1742439812896.0,2467.0,162.0,7.26223087310791,5.277447700500488,5.2774,7.341072082519531,-1.0247345010790947,3.0001424741850014,10.465382305054993,-0.6456557615170823,1.400735571539047,13.032473506839487,1949307084,Cornering,NOT_DEFINED,-1.0,0
135,4FCCD335-CF23-4EED-8CD3-FCC45F9895B5,1742439820584.0,1104.0,188.0,0.9384647607803345,1.9570190906524658,1.957,1.2961870431900024,0.45146348736922315,-3.167001004716307,10.761749276310038,0.6813178947168735,-2.4965418533085817,10.690224639038432,1949307084,Cornering,NOT_DEFINED,47.04327095630613,0
136,860617EE-BAAB-47AF-9589-55D9798E493D,1742439829608.0,4091.0,212.0,6.346019268035889,6.739216327667236,6.7535,6.170162200927734,0.9549259985933475,-3.3572582138897347,8.577869243986195,0.08078818654853828,-1.5037080197237847,11.240621060528058,1949307084,Cornering,NOT_DEFINED,-1.0,0
137,E61DDE12-4E23-4812-896D-AACBCB0752E1,1742439838945.0,3941.0,261.0,4.579104423522949,5.133594036102295,4.5784,5.89059591293335,-1.5853661973731787,3.09369635760332,10.344494922681761,-0.2751192380140821,1.7277189515730051,9.521369759212412,1949307084,Cornering,NOT_DEFINED,-1.0,0
138,A1973318-F874-477C-BB4A-5F20A187AFC1,1742439847120.0,2596.0,339.0,5.572544574737549,1.124377727508545,2.8591,4.9147114753723145,-1.0279449794249969,3.385205144743028,10.011371466822737,1.2468639477916206,-2.4884758429422917,12.233122757980826,1949307084,Cornering,NOT_DEFINED,68.72836790555691,0
139,69784A4B-B042-4A6D-8E22-C8AD6956F97B,1742439853880.0,11994.0,1516.0,4.191673278808594,0.7825606465339661,4.3643,4.263871669769287,-1.402562275201145,3.388713590088422,9.716795890502448,0.5904561116049182,-0.7754895269343275,10.68452052139908,1949307084,Cornering,NOT_DEFINED,-1.0,0
140,84EBD1FD-5F90-4761-9103-4BDA90720C82,1742439870186.0,18600.0,1152.0,2.119879722595215,7.209229946136475,5.9493,1.4118034839630127,-1.2104101472317317,3.0811180843960835,13.119592530189028,0.2754228101270733,0.9893036862351294,10.598273282255004,1949307084,Cornering,NOT_DEFINED,-1.0,0
141,7BC8823C-970E-449A-AF4D-685978FF3A7D,1742439900215.0,1352.0,48.0,5.087005138397217,3.5455262660980225,4.3662,3.498772144317627,-3.324530546610858,5.127557887809331,13.265659749547414,-1.2688210287647288,4.018982751087862,7.243050842497626,1949307084,Braking,NOT_DEFINED,-1.0,0
142,50EF2D53-6733-4B93-B7D5-95C609D20E0B,1742439896013.0,15330.0,1766.0,1.4804887771606445,7.383760929107666,6.4473,1.1775742769241333,0.45050757831216676,-3.1553141612743363,9.257884525590306,0.3712890459457858,0.5346826238733877,9.6066491209579,1949307084,Cornering,NOT_DEFINED,-1.0,0
143,F9B281F5-92DB-47C3-97E7-2917B9996096,1742439915151.0,1149.0,160.0,10.091975212097168,9.735958099365234,9.6778,10.011218070983887,-0.7501583072741775,3.6604403793757774,12.921756898173161,0.8597263535067885,-1.6723643014293523,11.244231589270354,1949307084,Cornering,NOT_DEFINED,-1.0,0
144,B6DB7435-18DF-4824-9E5B-1D01D3A24800,1742439919797.0,5372.0,192.0,10.18271255493164,9.156795501708984,9.5163,9.67776870727539,-0.9248648302904705,3.448277391933165,9.833685403376535,0.6219885137200173,-1.96436794028365,11.680966797304416,1949307084,Cornering,NOT_DEFINED,-1.0,0
145,E570A102-563A-4D88-99B8-6BD221A851A3,1742439973230.0,2414.0,82.0,10.427498817443848,9.398519515991211,9.3985,9.409629821777344,2.750739938143302,-7.623244887014949,11.264648934998974,1.6479497016578308,-6.089933413312059,15.042990541771717,1949307084,Acceleration,NOT_DEFINED,-1.0,0
146,0D1D4514-324E-4760-804D-A984DD83405A,1742439931658.0,57434.0,3623.0,10.772414207458496,10.2918701171875,11.2569,10.746932029724121,-0.990486454715332,3.00798539776027,9.933502376591623,-0.4177404847359082,2.121237929552916,9.436690232853781,1949307084,Cornering,NOT_DEFINED,-1.0,0
147,2ADACF4A-0493-4D9C-9776-10889AD94C92,1742439992326.0,1183.0,65.0,9.791661262512207,10.311576843261719,11.0081,9.878196716308594,1.7459205678625276,-3.633749147116626,8.753967604867773,0.0747539762046683,0.8775506714146265,10.56290179720939,1949307084,Cornering,NOT_DEFINED,-1.0,0
148,D9B16EC1-E72F-47D9-8752-3E4259627C80,1742439997599.0,778.0,471.0,11.583620071411133,11.583620071411133,11.5836,11.374119758605957,0.35050618242279413,-3.2589158037390313,14.491248995960355,0.5887457852991115,-2.319539491997156,8.545573272542862,1949307084,Cornering,NOT_DEFINED,-1.0,0
149,873C7D08-D7A5-4D2A-9982-6ADE2456FE11,1742440012450.0,2953.0,231.0,12.57162857055664,11.34049129486084,11.3405,12.594353675842285,-1.6574839960241194,3.1185440512079974,10.719773659816155,-0.1507869188240691,2.508851248371649,12.847573372301705,1949307084,Cornering,NOT_DEFINED,-1.0,0
150,661CAB20-950B-4B44-817E-E8FF19CF453B,1742440035138.0,5151.0,1204.0,8.603416442871094,4.227137565612793,5.7048,8.031451225280762,-1.1348115498183617,4.29600926271108,10.575929520180093,0.5036076489250177,-2.356408121485911,10.480298836421008,1949307084,Cornering,NOT_DEFINED,-1.0,0
151,06CE0339-70A1-46DA-9A35-483D7C6037A2,1742440043854.0,8844.0,1422.0,8.292024612426758,6.571797847747803,8.886,7.456655025482178,-1.0715199328416711,3.320448703272543,9.086504623147325,0.5670358856154561,-2.9697280212081028,10.923931942393263,1949307084,Cornering,NOT_DEFINED,-1.0,0
152,E3A2DD70-2E60-4B50-AF10-71ED962F1E1E,1742440056896.0,1577.0,448.0,8.272113800048828,7.247620582580566,7.2476,8.410134315490723,-0.07726425966557442,3.6858573207714542,12.543335983885523,0.552824101280589,-2.794984912739066,9.701310964887142,1949307084,Cornering,NOT_DEFINED,-1.0,0
153,AD68D01C-5A58-4968-83FC-E3C55E18C1B4,1742440074201.0,5856.0,598.0,8.20390796661377,5.984283447265625,6.3061,9.727188110351562,-0.2062640890632158,3.3024348346597114,11.432958189700582,0.10168568372480952,-2.686340833254842,9.709926857465298,1949307084,Cornering,NOT_DEFINED,-1.0,0
154,8171E1FB-0BD5-472D-BA26-5BC1D1CAB40A,1742440113545.0,9238.0,386.0,6.793497085571289,7.6951093673706055,7.5807,6.1442766189575195,0.7172822880770366,-3.6256006317420146,12.284877448656292,-0.12874464984356232,1.8533625336683328,10.867228501192923,1949307084,Cornering,NOT_DEFINED,-1.0,0
155,F4C9DD32-B972-4AE6-9A7B-A8EA649AB598,1742440133803.0,1544.0,64.0,8.39831256866455,9.458139419555664,10.1934,7.667112350463867,-0.5090930196445785,3.0656757317758374,7.062215533022473,-0.03646607188553769,2.3594095409162175,9.9757797153316,1949307084,Cornering,NOT_DEFINED,-1.0,0
156,BF2386EB-3FC0-42BC-A3B3-D4785E088635,1742440165185.0,7637.0,2048.0,2.827141761779785,7.632792949676514,4.1018,2.7595841884613037,0.6684862044778819,3.0673869190982264,8.895862923550748,0.21011846247985555,-2.8754779321490713,9.598493479741595,1949307084,Cornering,NOT_DEFINED,98.60096515512339,0
157,A576F814-F3E3-4366-92D2-35153D2CBB74,1742440208074.0,955.0,48.0,11.930970191955566,11.930970191955566,11.7882,11.994575500488281,1.8314183922054421,3.2422979331033783,9.346011936610088,0.3797476760230941,0.010797354010507937,10.051223581571305,1949307084,Cornering,NOT_DEFINED,-1.0,0
158,929E9878-E780-4651-AEFD-CFDC9B48C2F2,1742440228135.0,1634.0,98.0,4.1803975105285645,4.063937187194824,4.0639,4.264754772186279,2.936803031293731,4.696511800450926,9.22700128815935,1.8986228029585175,2.9382328454274,7.226225592288479,1949307084,Acceleration,NOT_DEFINED,97.6899074293983,0
159,A4B6F7B0-B32B-43C2-9293-244FD2A38147,1742440244306.0,1137.0,32.0,2.8843955993652344,2.888385534286499,2.7116,3.118374824523926,-3.268462915311547,-2.025295755243678,11.919727340209098,-1.0742982861908126,-1.6073424952387547,11.592717508799257,1949307084,Braking,NOT_DEFINED,65.1826946985793,0
160,AFFCA25B-7E81-42BB-AE35-483D17391FF7,1742440245913.0,2609.0,33.0,2.888385534286499,1.8979555368423462,2.3662,2.8843955993652344,2.9694694966471706,4.650146229230214,10.37884184647619,2.056322722961355,2.8873830564471508,10.901505945146287,1949307084,Acceleration,NOT_DEFINED,56.87980977864668,0
161,8F4AF01E-0E23-422D-BD2C-00BC8CF9DFE1,1742440261437.0,2656.0,1853.0,1.8913509845733643,2.482221841812134,2.4822,2.488783359527588,-2.7250116509345705,-3.8747374504879577,7.680025310049595,-2.4262388103330372,-3.2461266441784415,9.458475821337311,1949307084,Braking,NOT_DEFINED,59.66827141938839,0
162,83E16F6B-0F45-4529-9A62-5F93C9A433C0,1742440260283.0,9746.0,4021.0,2.488783359527588,5.48748254776001,5.0815,2.467081308364868,3.9640611299410695,6.253763589766583,9.8667624980557,3.2465079279724933,-2.2623343119069954,10.821001918293746,1949307084,Cornering,NOT_DEFINED,-1.0,0
163,88AB282A-2F37-46A9-B68C-380F43D4E991,1742440282292.0,3165.0,2426.0,7.042970180511475,8.958248138427734,8.9582,6.850520610809326,-3.987755801269053,-2.3476766497833976,8.748210010251135,-1.763217550758513,1.4965004211099389,9.067472486388207,1949307084,Braking,NOT_DEFINED,-1.0,0
164,1E8E372D-2F07-432B-81F5-2121597D679E,1742440282132.0,13432.0,2133.0,7.042970180511475,9.857670783996582,9.4352,6.850520610809326,-1.7168298074910298,-5.277024743706422,11.571484529388552,3.4424992954567255,1.8966140614495097,8.084750722246259,1949307084,Cornering,NOT_DEFINED,-1.0,0
165,DCAE3FF1-26AC-46B3-93F6-F725DCCFACA2,1742440287114.0,25985.0,2712.0,9.4068603515625,12.819737434387207,9.6362,9.31821346282959,2.9867267207114394,3.745389275653089,10.126880377152586,2.3241861769303673,1.0823178797419062,3.340787414643491,1949307084,Acceleration,NOT_DEFINED,-1.0,0
166,C0B78D6C-429B-4CDC-B960-03E3E1B8872A,1742440301734.0,16539.0,667.0,8.45931625366211,13.485459327697754,12.7055,8.537434577941895,-2.9811146778894027,-1.8562268212562931,12.39722525614336,-2.3595431472847666,-1.3330453511105045,11.763990078462994,1949307084,Braking,NOT_DEFINED,-1.0,0
167,9114FB54-DA02-4144-8705-419BE4DD9900,1742440317055.0,1478.0,82.0,13.409202575683594,13.485459327697754,13.709,13.14233112335205,3.398981570030945,2.8012236103330705,10.885391289301419,-0.35327198709898094,-0.7218656729134636,9.321966309177526,1949307084,Acceleration,NOT_DEFINED,-1.0,0
168,9FEBC49E-04BC-487E-8623-0A6FC66BE5A0,1742440308627.0,11247.0,336.0,12.311630249023438,13.945477485656738,13.1423,11.958998680114746,5.1839601844762,3.641643398042123,11.072752091788036,-2.059158923453483,-1.961686078552369,12.7548330764622,1949307084,Cornering,NOT_DEFINED,-1.0,0
169,7BC16DA3-053B-4372-993C-225AF78A84A5,1742440322113.0,1698.0,33.0,13.708950996398926,13.621145248413086,13.5805,13.817731857299805,-2.818447034626213,-1.9534872151093003,9.0202641190066,-2.1625152806347954,-1.376258480091843,12.05654173177554,1949307084,Braking,NOT_DEFINED,-1.0,0
170,6060C388-2007-4BC2-BECB-ED7374BF12EA,1742440328438.0,2292.0,177.0,13.162232398986816,11.069602012634277,10.3385,13.378606796264648,4.242652700283746,3.3399894316652774,13.459807198602462,-0.45334940846208016,-0.5055045789353954,13.184011303621563,1949307084,Cornering,NOT_DEFINED,-1.0,0
171,31A3E1FA-6063-457B-A169-403B5E7691A2,1742440328619.0,2111.0,49.0,13.162232398986816,11.069602012634277,10.3385,13.378606796264648,-3.504393696773735,-3.6628400384404114,9.271651717447378,-0.45334940846208016,-0.5055045789353954,13.184011303621563,1949307084,Braking,NOT_DEFINED,-1.0,0
172,A35B6039-4758-49D9-817C-99F515F48030,1742440326705.0,7143.0,406.0,13.392545700073242,7.562153339385986,10.3385,13.405376434326172,3.4751362293854946,2.5267800022465776,6.641424769161436,2.5338655257621423,1.5517925490665194,5.931212163442547,1949307084,Acceleration,NOT_DEFINED,-1.0,0
173,CEB55ED1-8C68-4403-B239-40FB0525E76C,1742440333767.0,1692.0,292.0,7.562153339385986,4.901731967926025,6.2855,9.294302940368652,-2.951930796520731,-1.98423869923858,14.19206320484746,-2.646621054832243,-1.190467526762101,10.247975822543435,1949307084,Braking,NOT_DEFINED,-1.0,0
174,14399271-B512-4421-9CD2-137895C7790A,1742440344826.0,2769.0,96.0,11.853001594543457,11.97018814086914,11.9702,11.86479377746582,2.891499546249199,3.077630708966737,7.671573841844104,2.1269788135250156,1.6468785575620133,9.035483370110859,1949307084,Acceleration,NOT_DEFINED,-1.0,0
175,2E1D4BAF-81E8-41A8-8D21-532C65F80E70,1742440367676.0,1632.0,32.0,11.861239433288574,11.505473136901855,11.5055,12.839262008666992,3.2738207741821843,3.114538550405687,10.8054635453137,-2.1735411613913738,-2.418111915137945,11.168930567794405,1949307084,Cornering,NOT_DEFINED,-1.0,0
176,5F6616FA-0010-42FC-9939-598ECAC27124,1742440379648.0,1087.0,129.0,8.269325256347656,7.137026309967041,5.8356,9.449342727661133,3.41992040148795,2.295809228544051,8.205029606529369,2.421364706008612,1.9247777296509423,11.853835289366947,1949307084,Acceleration,NOT_DEFINED,-1.0,0
177,059DFB6C-A141-49C7-B285-5E0B3ADB9788,1742440384527.0,1995.0,115.0,6.42504358291626,4.7948150634765625,5.0156,5.778398513793945,3.402703592830186,1.9600781200155097,11.708567711306731,1.3049587760660408,0.4954577694086525,11.192495853836935,1949307084,Acceleration,NOT_DEFINED,-1.0,0
178,2BE7D54D-6A30-46BC-BDB4-BA8D76DE192C,1742440414103.0,6057.0,651.0,7.576394081115723,9.913908958435059,9.319,8.45780086517334,-3.753006693478558,-3.093681652961249,9.028547480838112,-1.7133825257459854,-0.34303409982374544,12.006222107087064,1949307084,Braking,NOT_DEFINED,-1.0,0
179,882508DF-17CF-46F6-B855-D26A3F5C24BC,1742440413599.0,6968.0,289.0,7.576394081115723,9.913908958435059,9.319,8.45780086517334,3.2726825666163832,2.3759965095406814,7.387670791415175,2.2914232278164888,1.473643564557268,8.881938364227146,1949307084,Acceleration,NOT_DEFINED,-1.0,0
180,99F10377-F589-444E-A6BC-09956838A3FB,1742440442748.0,4806.0,258.0,10.310098648071289,8.133056640625,8.1331,10.622029304504395,2.897426834797096,1.6786859362528017,6.348260984873223,1.1566216911709364,-1.372724755557957,4.350515282689072,1949307084,Acceleration,NOT_DEFINED,-1.0,0
181,EB40F83F-3CD2-4CA7-A219-4D44BE5775F1,1742440444425.0,6940.0,969.0,9.333224296569824,7.572347164154053,8.1331,10.310098648071289,-3.606531962477406,-4.094850830264618,10.15191624738512,-2.39118209073174,-2.1197552660190366,12.521954011890731,1949307084,Braking,NOT_DEFINED,-1.0,0
182,D6B5FCEE-9EC5-4F57-9BF5-0DD9C855F88C,1742440455131.0,2076.0,130.0,9.215455055236816,10.157003402709961,10.676,8.736710548400879,2.863200001926385,2.2377490775881257,6.3441660948140415,2.095976203537045,1.9461513416293441,8.264768678313377,1949307084,Acceleration,NOT_DEFINED,-1.0,0
183,F4F1DA6F-23DA-48CD-A3C3-8CA6D179C3A7,1742440456108.0,4026.0,47.0,9.661184310913086,12.742144584655762,11.2237,9.215455055236816,-2.777167211397014,-2.6010137330499017,7.4880239283909225,-2.2184138652176846,-1.1601171726866473,12.312407056390171,1949307084,Braking,NOT_DEFINED,-1.0,0
184,13FA747E-CA33-49FD-B66A-9B472DEF42CB,1742440464794.0,5010.0,95.0,12.95217514038086,13.442045211791992,12.9207,12.741958618164062,2.9871851016584423,3.0685203233639315,13.181754758339977,2.6285736630306693,1.499446486815148,7.953429424694484,1949307084,Acceleration,NOT_DEFINED,-1.0,0
185,380E259D-154F-490B-91B7-291E61AD1310,1742440476175.0,6641.0,196.0,12.19963264465332,11.879091262817383,11.8791,12.150602340698242,2.7298110076933066,2.273652023560654,9.92847585987342,1.3249437713057537,0.6678943153587807,9.47908570991275,1949307084,Acceleration,NOT_DEFINED,-1.0,0
186,420DB60A-93F3-475C-9601-108DCCFC2363,1742440487880.0,2874.0,49.0,10.942767143249512,9.867730140686035,9.9181,11.016483306884766,2.9709043884034045,3.26762126233273,10.633161094986061,2.217180942768321,1.0979714067058277,6.352923844107727,1949307084,Acceleration,NOT_DEFINED,-1.0,0
187,4FE1EB6E-A77B-4B0B-BA05-EC60952D2ACE,1742440506274.0,3878.0,245.0,2.9022576808929443,3.564385175704956,3.5644,4.939990520477295,3.795533581224877,3.441002527741843,9.52453777084877,2.6053867168834652,2.086379028832932,5.946567263615647,1949307084,Acceleration,NOT_DEFINED,85.68269545051484,0
188,B6C50755-508A-4DE6-9C26-6E747ED16ADF,1742440505160.0,5691.0,727.0,4.939990520477295,2.868316650390625,3.5644,6.344912052154541,-2.9882787502151014,-1.5539310634966035,11.221738316919506,-1.6820400378895533,-0.9068588930526091,9.18685220748122,1949307084,Braking,NOT_DEFINED,85.68269545051484,0
189,28FB4942-1884-4BCB-BD84-4274E6DD38CD,1742440589397.0,2070.0,952.0,0.0,0.0,0.0,2.1019476964872256e-44,-0.8352428986719518,-3.1037168506868875,9.948541032307363,0.1375186915602422,-2.9516771265182724,9.45950120844484,1949307084,Cornering,NOT_DEFINED,0.0,0
190,78DA61E7-222F-499B-B0C1-A2F2985666D7,1742440605250.0,2128.0,128.0,2.7401516437530518,2.7689907550811768,2.769,2.309600591659546,3.1707495148681013,-0.040124324680402834,12.416253977835193,1.2720841358450345,0.32851055435875587,9.164297231764442,1949307084,Acceleration,NOT_DEFINED,66.56250244149804,0
191,4D118168-E072-4B9D-A4B8-F19C72A7CC9D,1742440648989.0,7097.0,275.0,10.458337783813477,7.212093353271484,8.3269,9.939738273620605,3.61648620381202,2.3709037832185365,10.492001217362828,2.657744800508102,1.2124882221909503,14.66749559346594,1949307084,Acceleration,NOT_DEFINED,-1.0,0
192,3F6DA8F4-6A4D-437A-9878-D9DE3238D0A8,1742440660400.0,2922.0,209.0,6.622411727905273,2.972355365753174,3.2357,5.97429895401001,2.8750177181423737,1.9556535030825342,8.173331398623707,2.2204930860150984,1.682183524625609,4.017863137205044,1949307084,Acceleration,NOT_DEFINED,77.78125285299934,0
193,7ADD9254-D876-4809-806C-6C6B4828DE2E,1742440662137.0,5151.0,2551.0,3.951523780822754,4.756706714630127,3.2357,5.929510116577148,-2.9243542668805,-1.8552666037903438,8.2425155865466,-2.4714273167134055,-2.5558702877900155,11.789814163453398,1949307084,Braking,NOT_DEFINED,77.78125285299934,0
194,92FC3D67-9C67-4FD3-AFD2-6CBC0A61BD82,1742440660480.0,7659.0,1367.0,5.929510116577148,4.987489223480225,3.2357,6.622411727905273,3.1722665623961936,3.05331911294068,10.58730006056829,2.101374168773776,2.7927166135734285,11.640396897436347,1949307084,Cornering,NOT_DEFINED,77.78125285299934,0
195,5ABF8D78-7D91-4D80-96E6-6CCEA2C453D0,1742440681039.0,5256.0,3428.0,0.004843308590352535,2.5101365963564604e-07,0.0,0.17151126265525818,-3.4480349582979803,0.5482806863721847,8.550864327485877,-2.2918390814206546,-1.4897345627562222,10.594803015591598,1949307084,Braking,NOT_DEFINED,0.0,0
196,9C73F650-722B-4EFC-B54E-012E4D70967A,1742440682271.0,13906.0,3198.0,2.2631144247498014e-07,0.2637222111225128,0.2697,0.004843308590352535,-5.930922349331576,3.1979103314952857,10.742491278877903,2.432704627940965,2.4239870447247074,10.387857667812476,1949307084,Cornering,NOT_DEFINED,6.483173314724457,0
197,D04E25A6-2CD9-46CE-9147-64E565E45E08,1742440688185.0,9320.0,2549.0,0.31722646951675415,0.2696820795536041,0.2794,0.6893072724342346,3.0986171600280916,-9.358673871943136,3.996787578002883,2.441664868865586,-0.23401502652622863,10.19346204529085,1949307084,Acceleration,NOT_DEFINED,6.716346400200271,0
198,BCCFB194-148B-4708-B2C7-ECE85229AC62,1742440707630.0,1425.0,469.0,0.1829182356595993,0.1829182356595993,0.4025,0.01252466905862093,3.068353547286983,1.8541258760803123,9.794486123062605,2.494687069191264,0.21521285797652479,8.776423292562788,1949307084,Acceleration,NOT_DEFINED,9.675481124125302,0
199,A6C5FD26-27E5-45C9-88AC-0D28B66CF297,1742440709022.0,3224.0,96.0,0.1829182356595993,0.39477381110191345,0.3948,0.01252466905862093,3.4758753615755906,3.010419866127643,9.90316639940478,2.0906128001744704,2.3964850933660045,11.579690209972616,1949307084,Cornering,NOT_DEFINED,9.490384963489861,0
200,2169723E-8E3A-40E9-9998-FB4AC087CE11,1742440724331.0,1691.0,506.0,0.5914981365203857,0.6566845178604126,0.6878,0.5637366771697998,3.223421967991526,-0.4260780791652594,9.11685018149186,2.603058165787668,2.169352489902613,11.94672793526466,1949307084,Acceleration,NOT_DEFINED,16.533654452604676,0
201,9AB05014-1F23-4790-85FD-88B03025136F,1742440732320.0,1473.0,290.0,0.3289863169193268,0.3810553550720215,0.3811,0.5538666248321533,2.815067171936924,-0.21465233367682157,8.72147338632675,2.506907363066434,4.7983954086449625,17.780646467628042,1949307084,Acceleration,NOT_DEFINED,9.161058028333297,0
202,B6C1700E-8B22-44C0-9589-D5FC5F6D817F,1742440723601.0,11037.0,962.0,0.5637366771697998,0.3946607708930969,0.5539,0.40116527676582336,-0.6576105805041157,3.1879042541064946,13.10037889538749,1.288595021419304,2.7997765575476343,9.411779081373624,1949307084,Cornering,NOT_DEFINED,13.314904334541625,0
203,D46757F2-BB4A-45A4-8649-87DC807BF7EA,1742440733988.0,5844.0,308.0,0.3810553550720215,0.051798608154058456,0.1526,0.19237318634986877,-2.9794356993212032,4.897778152932101,4.78370283695902,-2.6126663014469202,-1.1948735156056576,10.27552389973744,1949307084,Braking,NOT_DEFINED,3.6682693653205494,0
204,78347BB6-A0E6-4EFC-9AF8-B9BD55D8BAE3,1742440767166.0,15013.0,791.0,0.0001889617124106735,0.06916264444589615,0.1559,0.0003286287537775934,2.507930199783894,3.205365671095982,11.010211603733309,2.2796106307890494,2.911074320390012,10.373307984086193,1949307084,Cornering,NOT_DEFINED,3.747596291307167,0
205,DE0C9229-D0B5-4C62-8C32-5DCC7D5FAC0F,1742440802707.0,1328.0,470.0,0.07127722352743149,0.04144710674881935,0.4161,0.1215725690126419,2.9975047576313094,-0.38367756891506577,6.46964438314758,1.707638077162162,1.5398226512551205,11.934079022203345,1949307084,Acceleration,NOT_DEFINED,10.002404213039846,0
206,B5430E1C-AC35-407E-BD3C-20029EF5B44E,1742440821791.0,1181.0,97.0,0.001539774821139872,0.016975121572613716,0.1897,0.11244851350784302,2.728732561187942,-0.14910215677902072,10.225588964016017,2.144305151702065,1.4281062262022346,12.162168842783839,1949307084,Acceleration,NOT_DEFINED,4.560096321109491,0
207,F9D72742-47BE-4659-AB3C-69F2876ADB50,1742440788440.0,39507.0,1979.0,0.02607135660946369,0.030327923595905304,0.2662,0.04060601443052292,-0.9038538423347924,3.4059646611633694,9.89809749494664,-0.36510298824500775,1.8269021349504941,10.688262509140355,1949307084,Cornering,NOT_DEFINED,6.399038696253801,0
208,05B36965-7253-4B73-A943-2C9D33B3B56D,1742440842491.0,2620.0,67.0,0.25493189692497253,0.3480878174304962,0.2549,0.5297539830207825,1.2653237597530764,3.0668712273908434,11.403637666939652,-0.1628752987528026,2.894128615730632,14.601962700487533,1949307084,Cornering,NOT_DEFINED,6.127404070905689,0
209,8EE79AF8-EE56-491A-89B8-99FC5FC80814,1742440852431.0,4446.0,228.0,0.5338396430015564,285.6844177246094,0.0437,0.02064400352537632,-0.6566271453840219,3.2171637881495823,9.3664604116919,0.40837156558865506,2.790847774172883,10.63950747567763,1949307084,Cornering,NOT_DEFINED,1.0504808077621757,0
210,0F93B83D-43D2-41A6-8D7B-EACD67479748,1742440865866.0,7863.0,388.0,0.4158799350261688,0.09424326568841934,0.0942,0.42797672748565674,-1.2636918939849193,3.1057310476057363,9.423587077201532,-0.7515268337020375,-2.945059332028298,9.409562584939957,1949307084,Cornering,NOT_DEFINED,2.2644231599816234,0
211,52933DBD-F01F-432D-9D9F-90F95BE8CE49,1742440880744.0,955.0,890.0,0.052782803773880005,0.041127461940050125,0.0528,0.08206913620233536,-3.74102034119385,2.180138712255861,10.088854133147887,-2.5496056387013284,9.704828628321664,2.6350495060105747,1949307084,Braking,NOT_DEFINED,1.2692308157858783,0
212,E0B7A1EC-FE3B-47CD-89F6-ABCF4EC5F7B4,1742440879037.0,11136.0,7106.0,0.09382815659046173,0.14123573899269104,0.0731,0.08305948972702026,3.315851807871499,-1.4498039883398242,8.950398679218662,2.697972751314367,3.7053737070927806,8.63447857600824,1949307084,Acceleration,NOT_DEFINED,1.757211602915676,0
213,D0A8421C-098F-467E-8E7F-9F90F224B6DD,1742440879117.0,12400.0,11669.0,0.09382815659046173,0.07310794293880463,0.0715,0.08305948972702026,6.9932379040535295,-4.11622366627434,9.781128239786618,2.206809382978379,2.9932010825461086,9.04397101772604,1949307084,Cornering,NOT_DEFINED,1.7187500630433765,0
214,27E7A38C-4016-460E-8739-B63DAAB0C14F,1742440984171.0,3661.0,3581.0,0.0003814909723587334,0.00019357014389242977,0.0057,7.895731687312946e-05,-7.252909438975597,-3.1419460033198274,2.2681733037853675,-7.10678072812471,-2.9903001678378027,6.272667849493445,1949307084,Cornering,NOT_DEFINED,0.1370192357950664,0
215,91269CF0-34EA-4DDD-8AB6-AD4E0BDEFC37,1742440991313.0,4501.0,795.0,0.0034002899192273617,1.333440899848938,0.6069,0.005739161279052496,-6.19793406358636,-3.0203723535518296,7.152483972090539,-4.411412261824492,-2.710256141955762,8.216786653955872,1949307084,Cornering,NOT_DEFINED,14.58894284281154,0
216,381548E4-0250-4441-A2BA-53E4559DF81A,1742440983993.0,20312.0,16675.0,0.0003814909723587334,0.010085584595799446,0.2881,7.895731687312946e-05,-2.891341144529932,-1.510027621481478,9.293016817294603,0.6793704150612991,5.106473726757299,-17.175686812387795,1949307084,Braking,NOT_DEFINED,6.9254810232559,0
217,21354DDC-150F-4AD7-9772-AB2D8FD85B31,1742441002610.0,4951.0,4378.0,0.29207536578178406,0.28808170557022095,0.2881,0.36182713508605957,2.958449116467939,3.812773932608466,9.885031734244587,2.5343274983510105,0.23017446999528313,12.16601975411253,1949307084,Acceleration,NOT_DEFINED,6.9254810232559,0
218,FDFF2043-82D1-4003-A364-9009A60F7ABC,1742441007835.0,3314.0,3103.0,0.5721028447151184,0.014671658165752888,0.0147,0.28808170557022095,-3.833264436786606,-3.818375959088839,2.657451262016006,-2.5528199056590104,-2.1076951054583155,8.465451806164241,1949307084,Braking,NOT_DEFINED,0.3533653975767502,0
219,66FB2DD9-1274-4144-BA74-C58D00608DF8,1742440999217.0,15653.0,9281.0,0.7497333884239197,6.595356353500392e-06,0.0147,0.7449114918708801,-5.765581363964364,-3.0122239197915053,7.607169642765464,5.84120839009209,2.997801547769405,7.343429612536591,1949307084,Cornering,NOT_DEFINED,0.3533653975767502,0
220,816F2189-B108-48DE-AB86-ABCF617D7EBF,1742441011603.0,7374.0,7374.0,0.014671658165752888,4.280765040221013e-07,0.0,0.4029516577720642,2.7735082402394253,-3.908562226993136,8.348756881931719,2.477706794887933,2.6051930896665674,13.603631572076788,1949307084,Acceleration,NOT_DEFINED,0.0,0
221,6BAEF2CA-A6A9-44A7-B35A-9AB73EFBF953,1742441019025.0,5013.0,4948.0,4.280765040221013e-07,6.250082407177615e-08,0.0,8.445929324807366e-07,-2.7030784530956797,1.4447226249265972,15.08779642692971,-0.5176746812665761,-1.0529713158536946,7.518122993807916,1949307084,Braking,NOT_DEFINED,0.0,0
222,B548E256-0412-4248-B852-1451453D8209,1742441019382.0,10344.0,8706.0,4.280765040221013e-07,0.0004804749332834035,0.0,8.445929324807366e-07,-7.133045657215388,-3.2521095157088826,3.853671350926142,4.510371856976596,2.9966639437994935,8.204954053167196,1949307084,Cornering,NOT_DEFINED,0.0,0
223,3E6B925C-FD75-4AF0-A673-929363E8EF64,1742441024070.0,10263.0,9954.0,6.250082407177615e-08,1.60060807274931e-07,0.0005,1.8734116338237072e-06,4.64439390548912,1.1718108093764965,9.204692384398937,2.6933948803065353,1.7398462444577716,9.297679705296865,1949307084,Acceleration,NOT_DEFINED,0.012019231210093543,0
