unique_id,timestamp,speed_kmh,acceleration,deceleration,latitude,longitude
1140774666,1747906173,1.93429,0.0,0.0,-3.64906,120.151
1140774666,1747906175,12157500.0,0.759919,7.4548,18.5887,73.703
1140774666,1747906176,15302000.0,0.758094,7.4369,-3.64906,120.151
1140774666,1747906179,2.42145,0.000573204,0.00562313,-3.64906,120.151
1140774666,1747906182,0.207036,1.42155e-05,0.000139454,18.5887,73.703
1140774666,1747906185,1.06678,-1.14664e-05,-0.000112486,-3.64906,120.151
1140774666,1747906188,0.87958,-4.4306e-06,-4.34641e-05,18.5887,73.703
1140774666,1747906191,0.496114,1.12854e-05,0.00011071,-3.64906,120.151
1140774666,1747906192,20557300.0,0.0114816,0.112634,18.5887,73.703
1140774666,1747906194,0.996809,2.34165e-05,0.000229716,-3.64905,120.151
1140774666,1747906197,1.2481,1.46068e-05,0.000143293,-3.64905,120.151
1140774666,1747906200,1.2635,-3.37125e-05,-0.000330719,-3.64905,120.151
1140774666,1747906202,0.879243,-1.82733e-06,-1.79262e-05,18.5887,73.703
1140774666,1747906206,1.74782,-7.31755e-06,-7.17852e-05,-3.64906,120.151
1140774666,1747906207,14662600.0,0.0177151,0.173785,18.5887,73.703
1140774666,1747906209,13181200.0,0.769805,7.55179,-3.64906,120.151
1140774666,1747906212,0.795309,0.000576408,0.00565456,-3.64905,120.151
1140774666,1747906215,0.813141,1.02886e-06,1.00931e-05,-3.64905,120.151
1140774666,1747906218,1.17686,-3.37516e-06,-3.31103e-05,18.5887,73.703
1140774666,1747906221,0.765479,2.34113e-06,2.29665e-05,-3.64905,120.151
1140774666,1747906223,10566800.0,-0.00213493,-0.0209437,18.5887,73.703
1140774666,1747906224,20745900.0,-0.00120444,-0.0118155,-3.64905,120.151
1140774666,1747906227,1.44939,-8.69974e-08,-8.53444e-07,-3.64905,120.151
1140774666,1747906230,1.54904,2.64758e-06,2.59727e-05,-3.64905,120.151
1140774666,1747906233,0.357902,-2.29327e-06,-2.24969e-05,18.5887,73.703
1140774666,1747906236,1.18953,-1.08688e-06,-1.06623e-05,-3.64905,120.151
1140774666,1747906238,13147100.0,6.09716e-05,0.000598132,18.5887,73.703
1140774666,1747906239,12485700.0,-3.88662e-05,-0.000381277,-3.64905,120.151
1140774666,1747906242,1.72947,4.77554e-07,4.6848e-06,-3.64905,120.151
1140774666,1747906243,18552200.0,-0.000357506,-0.00350713,18.5887,73.703
1140774666,1747906245,11157800.0,-0.00185374,-0.0181852,-3.64906,120.151
1140774666,1747906248,1.50564,-4.45353e-07,-4.36891e-06,-3.64906,120.151
1140774666,1747906251,1.49831,2.10911e-07,2.06904e-06,-3.64906,120.151
1140774666,1747906254,1.59868,1.27385e-06,1.24965e-05,-3.64906,120.151
1140774666,1747906257,0.378355,-1.06025e-06,-1.0401e-05,-3.64906,120.151
1140774666,1747906260,1.10359,-1.27646e-07,-1.25221e-06,-3.64907,120.151
1140774666,1747906263,0.234097,2.89659e-07,2.84155e-06,18.5887,73.703
1140774666,1747906266,1.09114,-4.56517e-08,-4.47843e-07,-3.64907,120.151
1140774666,1747906267,17805600.0,-6.12436e-06,-6.008e-05,18.5887,73.703
1140774666,1747906269,10474400.0,0.000737262,0.00723254,-3.64907,120.151
1140774666,1747906272,0.526225,1.79428e-07,1.76019e-06,18.5887,73.703
1140774666,1747906275,0.474214,7.40254e-07,7.26189e-06,-3.64907,120.151
1140774666,1747906277,13987500.0,-0.00201839,-0.0198004,18.5887,73.703
1140774666,1747906278,12880900.0,0.00563594,0.0552886,-3.64907,120.151
1140774666,1747906281,1.0485,-1.02948e-06,-1.00992e-05,-3.64907,120.151
1140774666,1747906283,11225400.0,0.000315867,0.00309866,18.5887,73.703
1140774666,1747906284,18236300.0,-6.88878e-05,-0.00067579,-3.64907,120.151
1140774666,1747906287,0.23308,-0.000234231,-0.00229781,18.5887,73.703
1140774666,1747906290,1.77972,-0.000135251,-0.00132681,-3.64907,120.151
1140774666,1747906293,0.481596,2.68498e-05,0.000263396,18.5887,73.703
1140774666,1747906296,1.93853,1.19716e-06,1.17441e-05,-3.64907,120.151
1140774666,1747906298,14844400.0,0.00911845,0.089452,18.5887,73.703
1140774666,1747906299,12539600.0,-0.0165818,-0.162668,-3.64907,120.151
1140774666,1747906302,0.483414,-2.57494e-05,-0.000252601,-3.64907,120.151
1140774666,1747906305,2.17008,8.88388e-06,8.71509e-05,12.9506,77.566
1140774666,1747906308,0.177648,3.8091e-05,0.000373673,18.5887,73.703
1140774666,1747906311,1.65968,-0.000129819,-0.00127353,12.9506,77.566
1140774666,1747906313,2018670.0,0.0341045,0.334565,18.5887,73.703
1140774666,1747906314,1623450.0,0.0953506,0.935389,12.9506,77.566
1140774666,1747906317,2.48572,-1.23658e-05,-0.000121309,12.9506,77.566
1140774666,1747906320,1.39505,3.40848e-05,0.000334372,12.9506,77.566
1140774666,1747906323,0.262862,-2.04075e-06,-2.00197e-05,18.5887,73.703
1140774666,1747906326,0.252979,8.27825e-06,8.12097e-05,12.9506,77.566
1140774666,1747906328,1916730.0,-0.0526842,-0.516832,18.5887,73.703
1140774666,1747906329,1731960.0,0.0323858,0.317704,12.9506,77.566
1140774666,1747906332,0.120742,-1.62902e-05,-0.000159807,12.9506,77.566
1140774666,1747906333,2588780.0,0.0540196,0.529932,18.5887,73.703
1140774666,1747906335,1399960.0,0.00704956,0.0691562,12.9506,77.566
1140774666,1747906338,1.08822,0.000469882,0.00460954,18.5887,73.703
1140774666,1747906341,0.695019,-2.04664e-06,-2.00775e-05,12.9506,77.566
1140774666,1747906344,1.97623,4.15518e-07,4.07623e-06,12.9506,77.566
1140774666,1747906347,2.39789,4.17218e-06,4.09291e-05,12.9506,77.566
1140774666,1747906350,2.14719,-4.99312e-06,-4.89825e-05,12.9506,77.566
1140774666,1747906352,0.102736,-6.59621e-07,-6.47088e-06,18.5887,73.703
1140774666,1747906353,2708450.0,-0.000919242,-0.00901776,12.9506,77.566
1140774666,1747906356,2.43859,2.03896e-06,2.00022e-05,12.9506,77.566
1140774666,1747906358,1507240.0,-0.00240271,-0.0235705,18.5887,73.703
1140774666,1747906359,2249530.0,-6.96713e-05,-0.000683475,12.9506,77.566
1140774666,1747906362,0.162079,7.63206e-07,7.48705e-06,12.9506,77.566
1140774666,1747906365,0.534377,-2.53883e-06,-2.49059e-05,12.9506,77.566
1140774666,1747906367,1.08284,1.74777e-06,1.71456e-05,18.5887,73.7031
1140774666,1747906368,3310720.0,0.0535896,0.525714,12.9506,77.566
1140774666,1747906371,2.0796,-0.000468788,-0.00459881,12.9506,77.566
1140774666,1747906373,1620530.0,0.0586229,0.575091,18.5887,73.703
1140774666,1747906374,1922200.0,0.028593,0.280497,12.9506,77.566
1140774666,1747906377,0.462639,2.39476e-05,0.000234926,12.9506,77.566
1140774666,1747906380,1.81351,-2.19088e-05,-0.000214925,12.9506,77.566
1140774666,1747906384,1.2892,2.14749e-06,2.10669e-05,12.9506,77.566
1140774666,1747906386,1.6399,3.55345e-06,3.48594e-05,12.9506,77.566
1140774666,1747906388,1523430.0,0.0252755,0.247953,18.5887,73.703
1140774666,1747906390,1996250.0,0.0318974,0.312914,12.9506,77.566
1140774666,1747906392,0.743639,1.09179e-05,0.000107104,12.9506,77.566
1140774666,1747906396,2.23637,-2.80722e-06,-2.75388e-05,12.9506,77.566
1140774666,1747906398,0.206955,7.55577e-07,7.41221e-06,18.5887,73.703
1140774666,1747906402,0.0568088,-3.19504e-06,-3.13433e-05,12.9506,77.566
1140774666,1747906403,1386270.0,-0.00282399,-0.0277033,18.5887,73.703
1140774666,1747906405,2539970.0,-0.0031169,-0.0305767,12.9506,77.566
1140774666,1747906407,0.173778,1.50773e-08,1.47908e-07,12.9506,77.566
1140774666,1747906409,1993300.0,-0.0018008,-0.0176659,18.5887,73.703
1140774666,1747906411,1565910.0,0.00173931,0.0170626,12.9506,77.566
1140774666,1747906413,0.261625,8.81173e-07,8.64431e-06,18.5887,73.703
1140774666,1747906417,2.14187,-7.1455e-06,-7.00974e-05,12.9506,77.566
1140774666,1747906418,1389140.0,0.0176978,0.173615,18.5887,73.703
1140774666,1747906420,2588780.0,0.00519605,0.0509732,12.9506,77.566
1140774666,1747906423,1.27967,1.99514e-06,1.95723e-05,12.9506,77.566
1140774666,1747906424,2839750.0,0.0239453,0.234904,18.5887,73.703
1140774666,1747906426,1395610.0,0.687425,6.74364,12.9506,77.566
1140774666,1747906429,0.445157,0.000500299,0.00490794,18.5887,73.703
1140774666,1747906432,1.38594,-2.4136e-06,-2.36774e-05,12.9506,77.566
1140774666,1747906434,0.698954,-2.47113e-06,-2.42418e-05,18.5887,73.703
1140774666,1747906438,2.00037,1.33931e-06,1.31386e-05,12.9506,77.566
1140774666,1747906441,1.20887,2.23039e-06,2.18802e-05,12.9506,77.566
1140774666,1747906443,0.4091,-2.50469e-07,-2.4571e-06,18.5887,73.703
1140774666,1747906447,1.01443,1.2392e-06,1.21566e-05,12.9506,77.566
1140774666,1747906449,1.09734,-8.15893e-07,-8.00391e-06,18.5887,73.7031
1140774666,1747906453,0.301722,6.41836e-07,6.29641e-06,12.9506,77.566
1140774666,1747906456,0.188085,-1.01837e-06,-9.99025e-06,12.9506,77.566
1140774666,1747906458,1368690.0,0.000239309,0.00234762,18.5887,73.703
1140774666,1747906459,2830820.0,-0.000154516,-0.00151581,12.9506,77.566
1140774666,1747906462,1.07978,9.78362e-08,9.59773e-07,12.9506,77.566
1140774666,1747906464,0.923921,1.62947e-06,1.59851e-05,18.5887,73.7031
1140774666,1747906465,2642090.0,-0.000242646,-0.00238036,12.9506,77.566
1140774666,1747906468,1.07184,6.3241e-07,6.20395e-06,12.9506,77.566
1140774666,1747906469,2216220.0,0.000900677,0.00883564,18.5887,73.703
1140774666,1747906471,1423630.0,-0.000812132,-0.00796702,12.9506,77.566
1140774666,1747906474,1.08556,-7.12914e-06,-6.99368e-05,18.5887,73.703
1140774666,1747906476,2.20606,5.40713e-06,5.3044e-05,18.5887,73.7031
1140774666,1747906480,1.96659,-8.27062e-07,-8.11348e-06,12.9506,77.566
1140774666,1747906481,2143950.0,-0.00100345,-0.00984384,18.5887,73.703
1140774666,1747906483,1628360.0,0.000847285,0.00831187,12.9506,77.566
1140774666,1747906486,0.227068,-1.00709e-08,-9.8796e-08,12.9506,77.566
1140774666,1747906487,2359840.0,0.000601323,0.00589898,18.5887,73.703
1140774666,1747906489,1366600.0,0.000510718,0.00501014,12.9506,77.566
1140774666,1747906491,0.0329022,-1.38046e-07,-1.35423e-06,18.5887,73.703
1140774666,1747906495,2.05304,8.28062e-08,8.12329e-07,12.9506,77.566
1140774666,1747906497,0.0421412,-5.12186e-07,-5.02454e-06,18.5887,73.703
1140774666,1747906498,2722160.0,0.000179713,0.00176298,12.9506,77.566
1140774666,1747906501,0.919135,3.32541e-07,3.26223e-06,12.9506,77.566
1140774666,1747906502,2414820.0,7.28392e-05,0.000714552,18.5887,73.703
1140774666,1747906504,0.729191,-6.06736e-07,-5.95208e-06,12.9506,77.566
1140774666,1747906506,0.88415,1.61564e-06,1.58495e-05,18.5887,73.703
1140774666,1747906510,0.462443,-5.13752e-07,-5.03991e-06,12.9506,77.566
1140774666,1747906511,2578890.0,0.000257489,0.00252596,18.5887,73.703
1140774666,1747906513,1490560.0,-0.00078951,-0.00774509,12.9506,77.566
1140774666,1747906516,1.58556,-7.67275e-07,-7.52696e-06,12.9506,77.566
1140774666,1747906519,0.67077,1.1297e-06,1.10823e-05,12.9506,77.566
1140774666,1747906521,0.698538,3.9564e-07,3.88123e-06,18.5887,73.703
1140774666,1747906525,1.52024,-3.87546e-07,-3.80182e-06,12.9506,77.566
1140774666,1747906527,1384860.0,-0.000710767,-0.00697262,18.5887,73.703
1140774666,1747906528,2230910.0,-0.000574216,-0.00563306,12.9506,77.566
1140774666,1747906531,1.5866,-8.5518e-07,-8.38932e-06,12.9506,77.566
1140774666,1747906534,0.300119,2.65891e-06,2.60839e-05,12.9506,77.566
1140774666,1747906537,0.794738,-4.06499e-06,-3.98776e-05,18.5887,73.7031
1140774666,1747906540,1.54651,-0.000250139,-0.00245386,12.9506,77.566
1140774666,1747906542,2616440.0,0.141537,1.38848,18.5887,73.703
1140774666,1747906543,1413920.0,0.15397,1.51045,12.9506,77.566
1140774666,1747906546,2.28173,6.21557e-05,0.000609748,12.9506,77.566
1140774666,1747906549,2.26943,7.17837e-05,0.000704198,12.9506,77.566
1140774666,1747906552,0.18952,1.928e-05,0.000189137,18.5887,73.703
1140774666,1747906553,2922920.0,-0.00451078,-0.0442507,12.9506,77.566
1140774666,1747906555,0.774671,-2.71559e-05,-0.000266399,12.9506,77.566
1140774666,1747906557,1849650.0,0.00741505,0.0727416,18.5887,73.703
1140774666,1747906558,1744300.0,0.0150889,0.148022,12.9506,77.566
1140774666,1747906561,0.220417,1.18534e-05,0.000116281,12.9506,77.566
1140774666,1747906565,1.7694,1.11602e-05,0.000109481,12.9506,77.566
1140774666,1747906567,0.269194,-7.76675e-05,-0.000761918,18.5887,73.703
1140774666,1747906570,0.254512,6.7592e-05,0.000663078,18.5887,73.703
1140774666,1747906573,0.799478,1.61493e-05,0.000158425,12.9506,77.566
1140774666,1747906575,1374270.0,-0.000672543,-0.00659764,18.5887,73.703
1140774666,1747906576,2857850.0,0.00896527,0.0879493,12.9506,77.566
1140774666,1747906580,1.92446,7.48543e-08,7.3432e-07,12.9506,77.566
1140774666,1747906581,2866960.0,-0.0170703,-0.16746,18.5887,73.703
1140774666,1747906582,1362460.0,0.000949068,0.00931036,12.9506,77.566
1140774666,1747906586,0.339351,-5.64217e-06,-5.53496e-05,18.5887,73.703
1140774666,1747906589,0.616142,5.89205e-06,5.7801e-05,12.9506,77.566
1140774666,1747906591,1379890.0,-0.00256301,-0.0251432,18.5887,73.703
1140774666,1747906591,3048580.0,0.00735458,0.0721484,12.9506,77.566
1140774666,1747906595,2.25579,1.22204e-06,1.19882e-05,12.9506,77.566
1140774666,1747906598,1.49181,1.19981e-05,0.000117701,12.9506,77.566
1140774666,1747906601,0.956316,3.05672e-06,2.99865e-05,18.5887,73.703
1140774666,1747906604,1.81588,2.55107e-06,2.5026e-05,12.9506,77.566
1140774666,1747906606,1405080.0,0.00953012,0.0934905,18.5887,73.703
1140774666,1747906607,2631780.0,0.00959412,0.0941183,12.9506,77.566
1140774666,1747906610,2.01877,6.2854e-06,6.16597e-05,12.9506,77.566
1140774666,1747906613,0.317042,-1.24437e-05,-0.000122073,12.9506,77.566
1140774666,1747906616,0.989579,4.48152e-05,0.000439637,18.5887,73.703
1140774666,1747906619,1.81956,6.11512e-06,5.99894e-05,12.9506,77.566
1140774666,1747906621,0.322597,-9.24223e-06,-9.06663e-05,18.5887,73.703
1140774666,1747906622,2894660.0,0.0240045,0.235485,12.9506,77.566
1140774666,1747906625,1.79657,-2.59023e-05,-0.000254101,12.9506,77.566
1140774666,1747906626,2552010.0,-0.0153049,-0.150142,18.5887,73.703
1140774666,1747906628,1369370.0,-0.112531,-1.10393,12.9506,77.566
1140774666,1747906631,0.0573656,0.000147086,0.00144291,12.9506,77.566
1140774666,1747906634,1.35036,-1.23951e-06,-1.21596e-05,12.9506,77.566
1140774666,1747906636,1425140.0,0.00297784,0.0292126,18.5887,73.703
1140774666,1747906637,2616430.0,0.000837304,0.00821395,12.9506,77.566
1140774666,1747906640,2.32964,-3.25379e-09,-3.19197e-08,12.9506,77.566
1140774666,1747906641,2839770.0,-0.000771558,-0.00756898,18.5887,73.703
1140774666,1747906643,2.35755,2.59725e-06,2.54791e-05,12.9506,77.566
1140774666,1747906646,0.102684,-5.27548e-07,-5.17525e-06,12.9506,77.566
1140774666,1747906649,2.34619,-1.06294e-06,-1.04275e-05,12.9506,77.566
1140774666,1747906651,0.541778,7.97261e-07,7.82113e-06,18.5887,73.703
1140774666,1747906652,3235180.0,0.00349347,0.034271,12.9506,77.566
1140774666,1747906655,1.81578,2.50746e-06,2.45982e-05,12.9506,77.566
1140774666,1747906658,2.18797,-1.66429e-06,-1.63267e-05,12.9506,77.566
1140774666,1747906661,2.46978,4.80034e-06,4.70913e-05,12.9506,77.566
1140774666,1747906666,0.0552958,-3.38893e-06,-3.32454e-05,18.5887,73.703
1140774666,1747906670,1.11003,-1.85624e-06,-1.82097e-05,12.9506,77.566
1140774666,1747906676,0.732229,2.23056e-06,2.18818e-05,18.5887,73.703
1140774666,1747906680,1.58008,-2.08809e-07,-2.04842e-06,12.9506,77.566
1140774666,1747906683,0.863425,-3.13536e-06,-3.07579e-05,12.9506,77.566
1140774666,1747906686,0.842133,5.41197e-06,5.30915e-05,18.5887,73.7031
1140774666,1747906689,2.20287,-1.02845e-06,-1.00891e-05,12.9506,77.566
1140774666,1747906691,1629340.0,-0.000948421,-0.00930401,18.5887,73.703
1140774666,1747906692,1912650.0,0.001182,0.0115954,12.9506,77.566
1140774666,1747906695,1.92188,6.7133e-08,6.58575e-07,12.9506,77.566
1140774666,1747906701,0.52132,4.97961e-07,4.885e-06,18.5887,73.703
1140774666,1747906705,1.56895,-9.42691e-07,-9.2478e-06,12.9506,77.566
1140774666,1747906711,0.845555,1.46918e-06,1.44126e-05,18.5887,73.703
1140774666,1747906715,1.12611,-7.72034e-07,-7.57365e-06,12.9506,77.566
1140774666,1747906721,0.75485,-3.32195e-08,-3.25883e-07,18.5887,73.703
1140774666,1747906725,2.33546,-1.82527e-06,-1.79059e-05,12.9506,77.566
1140774666,1747906726,2100480.0,0.00577017,0.0566054,18.5887,73.703
1140774666,1747906731,0.350892,8.96261e-07,8.79232e-06,12.9506,77.566
1140774666,1747906736,0.752357,2.09743e-07,2.05758e-06,18.5887,73.703
1140774666,1747906741,1.26854,2.47671e-06,2.42966e-05,12.9506,77.566
1140774666,1747906746,0.606206,-1.7783e-06,-1.74451e-05,18.5887,73.703
1140774666,1747906750,0.683874,8.19673e-07,8.04099e-06,12.9506,77.566
1140774666,1747906751,1824580.0,-0.00503425,-0.0493859,18.5887,73.703
1140774666,1747906756,0.528999,-1.36563e-06,-1.33968e-05,12.9506,77.566
1140774666,1747906761,0.261114,1.80889e-06,1.77452e-05,18.5887,73.703
1140774666,1747906765,0.632086,-1.12862e-06,-1.10718e-05,12.9506,77.566
1140774666,1747906766,2329250.0,-0.00136778,-0.0134179,18.5887,73.703
1140774666,1747906771,0.215147,1.93536e-07,1.89859e-06,12.9506,77.566
1140774666,1747906776,0.469615,-1.35088e-06,-1.32522e-05,18.5887,73.703
1140774666,1747906779,0.389126,1.41648e-06,1.38957e-05,12.9506,77.566
1140774666,1747906781,1440360.0,0.00128415,0.0125975,18.5887,73.7031
1140774666,1747906783,2040060.0,0.00771589,0.0756929,12.9506,77.566
1140774666,1747906786,1.86378,2.70741e-06,2.65597e-05,12.9506,77.566
1140774666,1747906792,0.998094,1.04327e-07,1.02345e-06,18.5887,73.7031
1140774666,1747906796,0.741448,-3.13139e-06,-3.0719e-05,12.9506,77.566
1140774666,1747906802,0.662088,1.04625e-06,1.02637e-05,18.5887,73.703
1140774666,1747906807,0.0573888,1.50746e-06,1.47882e-05,12.9506,77.566
1140774666,1747906812,0.703299,-1.44763e-06,-1.42012e-05,18.5887,73.703
1140774666,1747906817,0.253708,5.73929e-07,5.63024e-06,18.5887,73.703
1140774666,1747906820,0.545132,5.73929e-07,5.63024e-06,12.9506,77.566
1140774666,1747906822,2127010.0,0.00260054,0.0255113,18.5887,73.703
1140774666,1747906827,1.10331,5.55728e-07,5.4517e-06,18.5887,73.703
1140774666,1747906831,2.23606,-2.64994e-06,-2.59959e-05,12.9506,77.566
1140774666,1747906832,2502240.0,0.00257522,0.0252629,18.5887,73.703
1140774666,1747906837,0.402378,1.63445e-06,1.6034e-05,18.5887,73.703
1140774666,1747906841,0.491045,1.4773e-08,1.44924e-07,12.9506,77.566
1140774666,1747906847,0.345808,-1.90261e-06,-1.86646e-05,18.5887,73.703
1140774666,1747906850,0.616448,-8.36332e-09,-8.20441e-08,12.9506,77.566
1140774666,1747906852,1825830.0,0.000379288,0.00372082,18.5887,73.703
1140774666,1747906857,0.327623,8.8814e-07,8.71266e-06,18.5887,73.703
1140774666,1747906860,0.438639,1.05228e-06,1.03228e-05,12.9506,77.566
1140774666,1747906862,0.15288,-9.22145e-07,-9.04624e-06,18.5887,73.703
1140774666,1747906866,0.512752,3.21361e-07,3.15256e-06,12.9506,77.566
1140774666,1747906867,2885360.0,0.00437955,0.0429634,18.5887,73.703
1140774666,1747906872,0.411187,-2.33737e-07,-2.29296e-06,18.5887,73.703
1140774666,1747906876,0.0616358,-3.66439e-06,-3.59477e-05,12.9506,77.566
1140774666,1747906877,2272270.0,0.00187217,0.018366,18.5887,73.703
1140774666,1747906882,0.0656224,1.74174e-06,1.70864e-05,18.5887,73.703
1140774666,1747906886,2.20369,1.13672e-06,1.11513e-05,12.9506,77.566
1140774666,1747906887,2423500.0,-0.00388847,-0.0381459,18.5887,73.703
1140774666,1747906892,0.594972,4.00083e-07,3.92481e-06,18.5887,73.703
1140774666,1747906896,1.4768,-5.39992e-06,-5.29732e-05,12.9506,77.566
1140774666,1747906897,2307290.0,0.00497729,0.0488272,18.5887,73.703
1140774666,1747906902,1.25625,1.06815e-06,1.04785e-05,18.5887,73.703
1140774666,1747906906,2.32351,1.06815e-06,1.04785e-05,12.9506,77.566
1140774666,1747906907,1843330.0,-0.0047476,-0.046574,18.5887,73.703
1140774666,1747906912,0.304027,-8.5287e-07,-8.36666e-06,18.5887,73.703
1140774666,1747906915,1.70027,4.71274e-07,4.6232e-06,12.9506,77.566
1140774666,1747906917,0.490899,-7.66886e-07,-7.52315e-06,18.5887,73.703
1140774666,1747906921,1.64376,4.14639e-07,4.06761e-06,12.9506,77.566
1140774666,1747906927,0.475429,-3.93054e-07,-3.85586e-06,18.5887,73.703
1140774666,1747906931,1.78354,-3.93054e-07,-3.85586e-06,12.9506,77.566
1140774666,1747906932,1813550.0,-0.00129284,-0.0126828,18.5887,73.703
1140774666,1747906937,0.887128,5.10467e-07,5.00768e-06,12.9506,77.566
1140774666,1747906942,0.401095,-4.99072e-07,-4.89589e-06,18.5887,73.703
1140774666,1747906946,1.78188,5.24133e-07,5.14174e-06,12.9506,77.566
1140774666,1747906952,0.452297,-4.15669e-07,-4.07771e-06,18.5887,73.703
1140774666,1747906956,2.19563,-5.6313e-06,-5.52431e-05,12.9506,77.566
1140774666,1747906957,1805050.0,0.00141129,0.0138447,18.5887,73.703
1140774666,1747906962,0.330902,2.76724e-07,2.71467e-06,12.9506,77.566
1140774666,1747906967,0.0615282,5.03349e-07,4.93785e-06,18.5887,73.703
1140774666,1747906971,2.26621,-3.89886e-07,-3.82478e-06,12.9506,77.566
1140774666,1747906977,0.147577,1.83135e-07,1.79656e-06,18.5887,73.703
1140774666,1747906982,0.453063,-3.32458e-07,-3.26141e-06,18.5887,73.703
1140774666,1747906986,1.41177,3.86542e-06,3.79198e-05,12.9506,77.566
1140774666,1747906987,1751100.0,-0.00104063,-0.0102086,18.5887,73.703
1140774666,1747906992,2.30202,4.65942e-07,4.57089e-06,12.9506,77.566
1140774666,1747906998,0.150331,8.82168e-08,8.65407e-07,18.5887,73.703
1140774666,1747907002,1.65887,0.239986,2.35426,12.9506,77.566
1140774666,1747907003,2511600.0,0.00463553,0.0454745,18.5887,73.703
1140774666,1747907005,1442690.0,-0.171736,-1.68473,12.9506,77.566
1140774666,1747907008,1.70311,-3.46422e-06,-3.3984e-05,12.9506,77.566
1140774666,1747907011,2.45549,2.00281e-07,1.96475e-06,12.9506,77.566
1140774666,1747907013,0.437688,6.0027e-07,5.88865e-06,18.5887,73.703
1140774666,1747907014,3083410.0,0.000380384,0.00373157,12.9506,77.566
1140774666,1747907017,0.845122,-9.70041e-07,-9.5161e-06,12.9506,77.566
1140774666,1747907018,2678830.0,0.00496435,0.0487003,18.5887,73.7031
1140774666,1747907020,1401410.0,0.00199553,0.0195761,12.9506,77.566
1140774666,1747907023,1.21933,4.16818e-06,4.08899e-05,12.9506,77.566
1140774666,1747907026,0.625365,-1.77013e-06,-1.7365e-05,12.9506,77.566
1140774666,1747907028,0.484054,3.74135e-07,3.67026e-06,18.5887,73.703
1140774666,1747907029,3104730.0,-0.00327391,-0.0321171,12.9506,77.566
1140774666,1747907032,0.901851,-2.79724e-07,-2.74409e-06,12.9506,77.566
1140774666,1747907033,2578850.0,0.000307975,0.00302124,18.5887,73.703
1140774666,1747907035,1504690.0,-0.00276346,-0.0271096,12.9506,77.566
1140774666,1747907038,2.31779,-6.90251e-07,-6.77137e-06,12.9506,77.566
1140774666,1747907041,2.26084,2.05531e-07,2.01626e-06,12.9506,77.566
1140774666,1747907043,0.19137,-1.47656e-07,-1.44851e-06,18.5887,73.703
1140774666,1747907044,3286480.0,0.000384282,0.0037698,12.9506,77.566
1140774666,1747907047,0.363287,1.40183e-06,1.3752e-05,12.9506,77.566
1140774666,1747907048,2554410.0,-0.0040829,-0.0400533,18.5887,73.703
1140774666,1747907050,1386980.0,4.7275e-05,0.000463768,12.9506,77.566
1140774666,1747907053,0.789168,4.00867e-06,3.9325e-05,18.5887,73.703
1140774666,1747907056,1.72012,-3.94848e-06,-3.87346e-05,12.9506,77.566
1140774666,1747907058,0.745694,-1.90714e-06,-1.87091e-05,18.5887,73.703
1140774666,1747907059,2869970.0,0.00100562,0.00986517,12.9506,77.566
1140774666,1747907062,2.41886,2.3929e-06,2.34744e-05,12.9506,77.566
1140774666,1747907063,2093940.0,-0.00221883,-0.0217668,18.5887,73.703
1140774666,1747907065,1550580.0,-0.000570258,-0.00559423,12.9506,77.566
1140774666,1747907068,1.64794,-7.83753e-07,-7.68861e-06,12.9506,77.566
1140774666,1747907071,0.680243,-1.7125e-06,-1.67996e-05,12.9506,77.566
1140774666,1747907073,0.859789,-1.87144e-08,-1.83588e-07,18.5887,73.703
1140774666,1747907077,0.18305,-3.29205e-07,-3.2295e-06,12.9506,77.566
1140774666,1747907078,2161110.0,0.000756496,0.00742122,18.5887,73.703
1140774666,1747907080,1559550.0,0.000797988,0.00782826,12.9506,77.566
1140774666,1747907083,1.41836,2.35503e-07,2.31028e-06,12.9506,77.566
1140774666,1747907086,1.01615,-2.20167e-06,-2.15984e-05,12.9506,77.566
1140774666,1747907088,0.534566,2.90376e-06,2.84859e-05,18.5887,73.703
1140774666,1747907092,2.26437,-7.58555e-07,-7.44143e-06,12.9506,77.566
1140774666,1747907093,2003670.0,0.002288,0.0224453,18.5887,73.703
1140774666,1747907095,1646260.0,0.00537936,0.0527715,12.9506,77.566
1140774666,1747907098,1.25672,7.35345e-07,7.21374e-06,12.9506,77.566
1140774666,1747907101,1.09237,2.47706e-07,2.43e-06,12.9506,77.566
1140774666,1747907103,0.479692,1.21235e-06,1.18932e-05,18.5887,73.703
1140774666,1747907107,1.23232,2.38824e-07,2.34286e-06,12.9506,77.566
1140774666,1747907108,2427880.0,-0.00221083,-0.0216883,18.5887,73.703
1140774666,1747907110,1525150.0,-0.000552184,-0.00541693,12.9506,77.566
1140774666,1747907113,1.81761,1.24382e-06,1.22019e-05,12.9506,77.566
1140774666,1747907116,1.0098,-8.21655e-07,-8.06043e-06,12.9506,77.566
1140774666,1747907118,0.405613,2.17383e-06,2.13253e-05,18.5887,73.703
1140774666,1747907119,3676560.0,-0.00725901,-0.0712109,12.9506,77.566
1140774666,1747907122,0.852658,-4.08354e-07,-4.00595e-06,12.9506,77.566
1140774666,1747907123,2214420.0,-0.000392128,-0.00384678,18.5887,73.703
1140774666,1747907125,1461460.0,-0.00318829,-0.0312771,12.9506,77.566
1140774666,1747907128,0.314491,-2.7065e-06,-2.65507e-05,12.9506,77.566
1140774666,1747907131,0.0903971,7.28692e-07,7.14847e-06,12.9506,77.566
1140774666,1747907133,0.243849,-5.01787e-07,-4.92253e-06,18.5887,73.703
1140774666,1747907134,3155630.0,-0.00336309,-0.0329919,12.9506,77.566
1140774666,1747907137,1.83406,2.32466e-06,2.28049e-05,12.9506,77.566
1140774666,1747907138,2305340.0,0.00148985,0.0146154,18.5887,73.703
1140774666,1747907140,1516570.0,-0.00126548,-0.0124143,12.9506,77.566
1140774666,1747907143,1.93515,-1.41067e-06,-1.38387e-05,12.9506,77.566
1140774666,1747907146,2.32,-6.02648e-06,-5.91197e-05,12.9506,77.566
1140774666,1747907148,0.355494,9.54179e-06,9.3605e-05,18.5887,73.703
1140774666,1747907149,3627070.0,0.00108544,0.0106482,12.9506,77.566
1140774666,1747907152,0.10717,7.67098e-07,7.52523e-06,12.9506,77.566
1140774666,1747907153,2026280.0,-0.00354155,-0.0347426,18.5887,73.703
1140774666,1747907155,1451240.0,-0.00232542,-0.0228123,13.1249,77.6513
1140774666,1747907158,0.450083,-1.70722e-06,-1.67479e-05,13.1249,77.6513
1140774666,1747907161,2.15958,5.56418e-07,5.45846e-06,13.1249,77.6513
1140774666,1747907163,0.294968,3.47268e-07,3.4067e-06,18.5887,73.703
1140774666,1747907167,1.38234,1.2097e-06,1.18671e-05,13.1249,77.6513
1140774666,1747907168,1992300.0,-0.00110218,-0.0108124,18.5887,73.703
1140774666,1747907170,1531570.0,-9.21836e-05,-0.000904321,13.1249,77.6513
1140774666,1747907173,0.00943069,-7.02831e-07,-6.89477e-06,13.1249,77.6513
1140774666,1747907176,1.90817,3.48461e-06,3.4184e-05,13.1249,77.6514
1140774666,1747907179,0.706803,-7.51729e-06,-7.37446e-05,18.5887,73.703
1140774666,1747907182,0.654133,4.31887e-06,4.23682e-05,13.1249,77.6513
1140774666,1747907184,1874200.0,0.00222658,0.0218427,18.5887,73.7031
1140774666,1747907185,1553980.0,1.83908e-05,0.000180414,13.1249,77.6514
1140774666,1747907188,2.22031,-2.25054e-06,-2.20778e-05,13.1249,77.6513
1140774666,1747907191,1.42483,1.7932e-06,1.75913e-05,13.1249,77.6514
1140774666,1747907193,0.568269,-3.15128e-07,-3.0914e-06,18.5887,73.703
1140774666,1747907194,3608330.0,-3.15128e-07,-3.0914e-06,13.1249,77.6514
1140774666,1747907197,0.278663,-1.73949e-06,-1.70644e-05,13.1249,77.6514
1140774666,1747907198,2388240.0,0.00538638,0.0528404,18.5887,73.703
1140774666,1747907200,1528030.0,0.00160444,0.0157396,13.1249,77.6514
1140774666,1747907203,2.22483,2.87756e-06,2.82289e-05,13.1249,77.6514
1140774666,1747907206,1.5341,-2.97153e-06,-2.91508e-05,13.1249,77.6514
1140774666,1747907208,0.416159,2.53663e-08,2.48843e-07,18.5887,73.703
1140774666,1747907209,3471530.0,2.53663e-08,2.48843e-07,13.1249,77.6513
1140774666,1747907212,0.788343,1.5108e-06,1.4821e-05,13.1249,77.6514
1140774666,1747907214,2209440.0,-0.000984737,-0.00966027,18.5887,73.703
1140774666,1747907215,1449650.0,0.00336286,0.0329897,13.1249,77.6514
1140774666,1747907218,2.2117,2.53291e-06,2.48478e-05,13.1249,77.6514
1140774666,1747907221,1.23573,-2.49867e-07,-2.45119e-06,13.1249,77.6513
1140774666,1747907224,0.469204,2.16203e-07,2.12095e-06,18.5887,73.703
1140774666,1747907227,0.819423,6.2175e-07,6.09936e-06,13.1249,77.6514
1140774666,1747907229,2049190.0,-0.00723802,-0.071005,18.5887,73.703
1140774666,1747907230,1685130.0,-0.000834602,-0.00818744,13.1249,77.6513
1140774666,1747907233,2.34697,-4.9598e-06,-4.86556e-05,13.1249,77.6513
1140774666,1747907236,1.33995,4.01254e-06,3.9363e-05,13.1249,77.6513
1140774666,1747907239,1.60664,-1.09019e-06,-1.06948e-05,18.5887,73.703
1140774666,1747907242,0.925797,-5.22597e-07,-5.12668e-06,13.1249,77.6513
1140774666,1747907244,2248720.0,-0.00280612,-0.027528,18.5887,73.703
1140774666,1747907245,1588350.0,0.00313415,0.030746,13.1249,77.6513
1140774666,1747907248,0.667396,2.18338e-07,2.1419e-06,13.1249,77.6513
1140774666,1747907251,0.44773,3.74441e-08,3.67327e-07,13.1249,77.6513
1140774666,1747907254,0.101495,1.45148e-06,1.4239e-05,18.5887,73.703
1140774666,1747907257,2.10313,3.75468e-07,3.68334e-06,13.1249,77.6513
1140774666,1747907259,2138270.0,-0.00193681,-0.0190001,18.5887,73.703
1140774666,1747907260,1463210.0,-0.0020127,-0.0197446,13.1249,77.6513
1140774666,1747907264,0.50493,-3.34498e-06,-3.28143e-05,13.1249,77.6513
1140774666,1747907267,1.08086,3.6613e-06,3.59173e-05,13.1248,77.6513
1140774666,1747907269,0.291061,-5.79466e-06,-5.68456e-05,18.5887,73.703
1140774666,1747907273,2.04816,2.63648e-06,2.58638e-05,13.1249,77.6513
1140774666,1747907274,2325520.0,-0.00326166,-0.0319968,18.5887,73.703
1140774666,1747907276,1391900.0,-0.000323872,-0.00317718,13.1249,77.6513
1140774666,1747907278,0.934255,-7.81714e-07,-7.66862e-06,13.1249,77.6513
1140774666,1747907282,1.08037,2.96854e-08,2.91214e-07,13.1249,77.6513
1140774666,1747907284,0.71838,-2.89659e-06,-2.84156e-05,18.5887,73.703
1140774666,1747907288,0.0986849,3.40804e-06,3.34329e-05,13.1249,77.6513
1140774666,1747907289,2091150.0,0.000167079,0.00163904,18.5887,73.7031
1140774666,1747907291,1630300.0,-0.00608499,-0.0596937,13.1249,77.6513
1140774666,1747907294,0.275335,-2.02786e-06,-1.98933e-05,13.1249,77.6513
1140774666,1747907297,0.289951,-5.82499e-07,-5.71432e-06,13.1249,77.6513
1140774666,1747907299,0.821601,-4.84781e-07,-4.75571e-06,18.5887,73.703
1140774666,1747907303,1.91496,8.86999e-08,8.70146e-07,13.1249,77.6513
1140774666,1747907304,1974530.0,0.000896328,0.00879298,18.5887,73.7031
1140774666,1747907306,1618370.0,-0.00108854,-0.0106786,13.1249,77.6513
1140774666,1747907309,0.815261,-5.63599e-07,-5.5289e-06,13.1249,77.6513
1140774666,1747907312,1.64636,6.43022e-07,6.30805e-06,13.1249,77.6513
1140774666,1747907314,0.70451,-7.88524e-07,-7.73543e-06,18.5887,73.7031
1140774666,1747907318,0.13059,1.40816e-07,1.38141e-06,13.1249,77.6513
1140774666,1747907319,2109410.0,0.000667145,0.00654469,18.5887,73.7031
1140774666,1747907321,1487800.0,-0.000105317,-0.00103316,13.1249,77.6513
1140774666,1747907324,1.8118,-5.83423e-07,-5.72338e-06,13.1249,77.6513
1140774666,1747907327,2.00746,5.74576e-07,5.63659e-06,13.1249,77.6513
1140774666,1747907329,1.11787,-7.10389e-07,-6.96892e-06,18.5887,73.703
1140774666,1747907333,0.624525,6.23298e-07,6.11455e-06,13.1249,77.6514
1140774666,1747907334,2101060.0,-0.00096437,-0.00946047,18.5887,73.703
1140774666,1747907336,1528050.0,-0.000674236,-0.00661425,13.1248,77.6513
1140774666,1747907339,2.17871,-1.58864e-06,-1.55846e-05,13.1249,77.6514
1140774666,1747907342,1.71093,1.61936e-06,1.58859e-05,13.1249,77.6513
1140774666,1747907344,0.0723035,8.19159e-07,8.03595e-06,18.5887,73.7031
1140774666,1747907348,0.528674,-4.29681e-07,-4.21518e-06,13.1249,77.6514
1140774666,1747907349,1949870.0,-0.000983029,-0.00964352,18.5887,73.703
1140774666,1747907351,1558530.0,0.000365364,0.00358422,13.1249,77.6514
1140774666,1747907354,0.207294,-9.15695e-07,-8.98297e-06,13.1249,77.6514
1140774666,1747907357,0.954965,9.65646e-07,9.47298e-06,13.1249,77.6514
1140774666,1747907359,0.252406,-9.83021e-07,-9.64343e-06,18.5887,73.7031
1140774666,1747907363,1.91335,9.08049e-07,8.90796e-06,13.1249,77.6514
1140774666,1747907364,2407750.0,-0.00204252,-0.0200371,18.5887,73.703
1140774666,1747907366,1487820.0,-0.000786166,-0.00771229,13.1249,77.6514
1140774666,1747907369,2.08106,-1.70353e-06,-1.67116e-05,13.1249,77.6514
1140774666,1747907372,2.47824,3.81976e-07,3.74719e-06,13.1249,77.6514
1140774666,1747907374,0.228667,4.88102e-07,4.78828e-06,18.5887,73.703
1140774666,1747907378,2.35656,3.81662e-08,3.74411e-07,13.1249,77.6514
1140774666,1747907379,2039740.0,-0.000713707,-0.00700146,18.5887,73.7031
1140774666,1747907381,1571450.0,0.000135783,0.00133204,13.1249,77.6514
1140774666,1747907384,0.740736,-6.53277e-07,-6.40865e-06,13.1248,77.6514
1140774666,1747907387,1.28583,7.10179e-07,6.96686e-06,13.1249,77.6514
1140774666,1747907389,1.047,-4.83521e-07,-4.74334e-06,18.5887,73.703
1140774666,1747907393,0.822291,3.265e-07,3.20297e-06,13.1249,77.6514
1140774666,1747907394,2091140.0,-0.00213286,-0.0209234,18.5887,73.703
1140774666,1747907396,1595040.0,0.000377184,0.00370018,13.1249,77.6514
1140774666,1747907399,2.39889,-2.74645e-07,-2.69427e-06,13.1249,77.6514
1140774666,1747907402,0.083242,6.85345e-07,6.72324e-06,13.1249,77.6514
1140774666,1747907404,0.399142,-1.37697e-06,-1.35081e-05,18.5887,73.703
1140774666,1747907408,0.387058,6.96281e-07,6.83052e-06,13.1249,77.6514
1140774666,1747907409,2133130.0,0.000302595,0.00296846,18.5887,73.703
1140774666,1747907411,1441000.0,-0.00113486,-0.011133,13.1249,77.6514
1140774666,1747907414,0.400465,1.72355e-07,1.6908e-06,13.1249,77.6514
1140774666,1747907417,1.60689,-1.47126e-06,-1.44331e-05,13.1249,77.6514
1140774666,1747907419,0.324522,2.59469e-06,2.54539e-05,18.5887,73.703
1140774666,1747907423,1.11407,-4.05605e-07,-3.97899e-06,13.1249,77.6514
1140774666,1747907424,1954200.0,0.000858401,0.00842091,18.5887,73.703
1140774666,1747907426,1459200.0,0.00124265,0.0121904,13.1249,77.6514
1140774666,1747907429,1.74735,-5.14402e-07,-5.04628e-06,13.1249,77.6514
1140774666,1747907432,0.214601,8.1223e-07,7.96798e-06,13.1249,77.6514
1140774666,1747907434,1.22302,1.74702e-08,1.71383e-07,18.5887,73.7031
1140774666,1747907435,3207420.0,-0.00158814,-0.0155797,13.1249,77.6514
1140774666,1747907438,2.20637,-2.10934e-07,-2.06926e-06,13.1249,77.6514
1140774666,1747907439,2315400.0,2.35508e-07,2.31033e-06,18.5887,73.703
1140774666,1747907441,1465650.0,-0.00196968,-0.0193226,13.1249,77.6514
1140774666,1747907444,2.29981,1.90472e-08,1.86853e-07,13.1249,77.6514
1140774666,1747907447,1.08736,-6.47044e-07,-6.3475e-06,13.1249,77.6514
1140774666,1747907449,0.478618,3.35136e-07,3.28768e-06,18.5887,73.703
1140774666,1747907453,1.58651,3.03432e-10,2.97667e-09,13.1249,77.6514
1140774666,1747907454,2178620.0,0.000316639,0.00310623,18.5887,73.7031
1140774666,1747907456,1451220.0,-0.000467584,-0.004587,13.1249,77.6514
1140774666,1747907459,1.55292,-1.50511e-07,-1.47651e-06,13.1249,77.6514
1140774666,1747907462,1.20404,2.12019e-07,2.07991e-06,13.1249,77.6514
1140774666,1747907464,0.45849,-3.66138e-07,-3.59181e-06,18.5887,73.703
1140774666,1747907465,3109770.0,9.56633e-06,9.38457e-05,13.1249,77.6514
1140774666,1747907468,2.46497,2.55548e-07,2.50693e-06,13.1249,77.6514
1140774666,1747907469,2229840.0,-0.000589391,-0.00578193,18.5887,73.7031
1140774666,1747907471,1456000.0,-0.000800036,-0.00784836,13.1249,77.6514
1140774666,1747907474,2.11326,7.97258e-07,7.82111e-06,13.1249,77.6514
1140774666,1747907477,0.575912,-4.95977e-08,-4.86553e-07,13.1249,77.6514
1140774666,1747907479,1.19239,-4.35685e-07,-4.27407e-06,18.5887,73.703
1140774666,1747907480,2963990.0,-0.00193141,-0.0189471,13.1249,77.6514
1140774666,1747907483,0.832016,-2.65627e-07,-2.60581e-06,13.1249,77.6514
1140774666,1747907484,2319420.0,-0.000165451,-0.00162307,18.5887,73.703
1140774666,1747907486,1423990.0,-0.00148195,-0.0145379,13.1249,77.6514
1140774666,1747907489,0.207264,-1.78479e-11,-1.75088e-10,13.1249,77.6514
1140774666,1747907492,2.10399,-4.86736e-08,-4.77488e-07,13.1249,77.6514
1140774666,1747907495,1.0542,-1.70124e-06,-1.66892e-05,18.5887,73.703
1140774666,1747907498,0.622682,4.14515e-06,4.06639e-05,13.1249,77.6514
1140774666,1747907499,2482010.0,-0.0013079,-0.0128305,18.5887,73.703
1140774666,1747907501,1341290.0,-0.0032211,-0.031599,13.1249,77.6514
1140774666,1747907504,2.49854,-1.0882e-06,-1.06753e-05,13.1249,77.6514
1140774666,1747907507,0.793061,-8.85335e-07,-8.68514e-06,13.1249,77.6514
1140774666,1747907510,0.334381,3.36877e-06,3.30477e-05,18.5887,73.703
1140774666,1747907510,3077340.0,-0.0139464,-0.136814,13.1249,77.6514
1140774666,1747907513,0.826174,-0.000245885,-0.00241213,13.1249,77.6514
1140774666,1747907515,2030390.0,-0.0665299,-0.652658,18.5887,73.703
1140774666,1747907516,1541360.0,-0.173597,-1.70299,13.1249,77.6514
1140774666,1747907520,0.710205,-0.000143847,-0.00141113,13.1249,77.6514
1140774666,1747907523,0.107922,0.000379278,0.00372071,13.1249,77.6514
1140774666,1747907525,0.556913,-6.54388e-06,-6.41955e-05,18.5887,73.703
1140774666,1747907528,0.683521,3.66528e-06,3.59564e-05,13.1249,77.6514
1140774666,1747907530,2074770.0,-0.00279047,-0.0273746,18.5887,73.703
1140774666,1747907531,1581720.0,0.000196697,0.0019296,13.1249,77.6514
1140774666,1747907534,1.17468,-1.82552e-07,-1.79083e-06,13.1249,77.6514
1140774666,1747907537,0.966755,-2.43282e-07,-2.38659e-06,13.1249,77.6514
1140774666,1747907540,0.0640161,-7.24445e-07,-7.1068e-06,18.5887,73.703
1140774666,1747907543,2.01173,4.86024e-07,4.7679e-06,13.1249,77.6514
1140774666,1747907545,1961400.0,0.000171253,0.00167999,18.5887,73.703
1140774666,1747907547,1485310.0,-0.00179466,-0.0176056,13.1249,77.6514
1140774666,1747907550,1.8754,1.07082e-06,1.05048e-05,13.1249,77.6514
1140774666,1747907552,0.217828,-1.33798e-06,-1.31256e-05,13.1249,77.6514
1140774666,1747907555,0.107694,1.92178e-07,1.88527e-06,18.5887,73.703
1140774666,1747907558,2.46468,-9.56139e-07,-9.37972e-06,13.1249,77.6514
1140774666,1747907560,2233600.0,0.0025147,0.0246692,18.5887,73.703
1140774666,1747907562,1386810.0,0.00363269,0.0356367,13.1249,77.6514
1140774666,1747907565,0.321646,2.12244e-06,2.08211e-05,13.1249,77.6514
1140774666,1747907567,0.211418,3.08608e-07,3.02745e-06,13.1249,77.6514
1140774666,1747907570,0.393354,-2.06451e-06,-2.02528e-05,18.5887,73.703
1140774666,1747907574,0.128471,6.7227e-07,6.59497e-06,13.1249,77.6514
1140774666,1747907575,2277650.0,0.00566058,0.0555303,18.5887,73.703
1140774666,1747907577,1464020.0,-0.00722988,-0.0709252,13.1249,77.6514
1140774666,1747907580,2.35578,-2.29211e-06,-2.24856e-05,13.1249,77.6514
1140774666,1747907582,1.72577,1.00004e-06,9.81036e-06,13.1249,77.6514
1140774666,1747907585,0.576687,1.39122e-06,1.36479e-05,18.5887,73.7031
1140774666,1747907585,3435610.0,-0.000868994,-0.00852483,13.1249,77.6514
1140774666,1747907589,2.45977,-5.24563e-07,-5.14596e-06,13.1249,77.6514
1140774666,1747907590,2231730.0,0.00160033,0.0156993,18.5887,73.703
1140774666,1747907592,1451230.0,0.0029773,0.0292073,13.1249,77.6514
1140774666,1747907595,2.13582,9.60782e-07,9.42527e-06,13.1249,77.6514
1140774666,1747907598,0.886495,-5.63832e-07,-5.53119e-06,13.1249,77.6514
1140774666,1747907600,0.0239778,7.47787e-07,7.33579e-06,18.5887,73.703
1140774666,1747907604,1.42722,-1.55184e-06,-1.52236e-05,13.1249,77.6514
1140774666,1747907605,2102710.0,0.00264004,0.0258988,18.5887,73.703
1140774666,1747907607,1584560.0,0.0069731,0.0684061,13.1249,77.6514
1140774666,1747907610,2.00681,1.60733e-06,1.57679e-05,13.1249,77.6514
1140774666,1747907613,1.26468,7.26589e-07,7.12783e-06,13.1249,77.6514
1140774666,1747907615,0.457172,-2.36258e-07,-2.3177e-06,18.5887,73.703
1140774666,1747907616,3282760.0,-0.000162413,-0.00159327,13.1249,77.6514
1140774666,1747907619,2.05986,-8.4814e-08,-8.32025e-07,13.1249,77.6514
1140774666,1747907620,2141730.0,0.00154874,0.0151932,18.5887,73.703
1140774666,1747907622,1408890.0,0.000215748,0.00211649,13.1249,77.6514
1140774666,1747907625,1.75198,6.16577e-07,6.04862e-06,13.1249,77.6514
1140774666,1747907628,1.05619,-8.08216e-07,-7.9286e-06,13.1249,77.6514
1140774666,1747907630,0.503104,-9.2256e-07,-9.05031e-06,18.5887,73.703
1140774666,1747907634,2.13454,7.31194e-07,7.17301e-06,13.1249,77.6514
1140774666,1747907635,2166180.0,0.00160045,0.0157004,18.5887,73.703
1140774666,1747907637,1400710.0,0.00159992,0.0156952,13.1249,77.6514
1140774666,1747907640,0.459906,-8.33111e-07,-8.17282e-06,13.1249,77.6514
1140774666,1747907643,0.360532,2.01631e-06,1.978e-05,13.1249,77.6514
1140774666,1747907645,0.0946682,-4.55002e-06,-4.46357e-05,18.5887,73.703
1140774666,1747907649,1.3879,1.5205e-06,1.49161e-05,13.1249,77.6514
1140774666,1747907650,2071570.0,0.000412962,0.00405116,18.5887,73.703
1140774666,1747907652,1454410.0,6.55682e-05,0.000643224,13.1249,77.6514
1140774666,1747907655,1.07675,-3.80198e-07,-3.72974e-06,13.1249,77.6514
1140774666,1747907658,2.16499,-7.50061e-07,-7.3581e-06,13.1249,77.6514
1140774666,1747907660,0.047337,1.62066e-06,1.58986e-05,18.5887,73.703
1140774666,1747907664,0.303499,-3.53244e-07,-3.46532e-06,13.1249,77.6514
1140774666,1747907665,2046010.0,0.00101204,0.00992809,18.5887,73.703
1140774666,1747907667,1616380.0,-2.04329e-06,-2.00447e-05,13.1249,77.6514
1140774666,1747907670,1.32385,-1.2991e-07,-1.27442e-06,13.1249,77.6514
1140774666,1747907673,1.7754,2.26422e-06,2.2212e-05,13.1249,77.6514
1140774666,1747907675,0.389477,4.38325e-06,4.29997e-05,18.5887,73.703
1140774666,1747907679,2.37207,-5.48769e-06,-5.38343e-05,13.1249,77.6514
1140774666,1747907680,2058720.0,0.00463939,0.0455124,18.5887,73.703
1140774666,1747907682,1453610.0,-0.000940302,-0.00922437,13.1249,77.6514
1140774666,1747907685,0.945475,2.16109e-06,2.12003e-05,13.1249,77.6514
1140774666,1747907688,1.66852,-1.53112e-06,-1.50202e-05,13.1249,77.6514
1140774666,1747907690,0.232178,-2.90267e-06,-2.84752e-05,18.5887,73.703
1140774666,1747907694,1.33635,3.47149e-06,3.40553e-05,13.1249,77.6514
1140774666,1747907695,2071540.0,-0.00510746,-0.0501042,18.5887,73.703
1140774666,1747907697,1565870.0,-0.00390958,-0.038353,13.1249,77.6514
1140774666,1747907700,0.0739976,-1.61202e-06,-1.58139e-05,13.1249,77.6514
1140774666,1747907703,0.758766,-1.98146e-07,-1.94381e-06,13.1249,77.6514
1140774666,1747907705,0.562549,5.85352e-08,5.7423e-07,18.5887,73.703
1140774666,1747907709,1.96247,4.04606e-07,3.96918e-06,13.1249,77.6514
1140774666,1747907711,1607570.0,0.00065889,0.00646371,18.5887,73.703
1140774666,1747907712,2066710.0,-0.0110753,-0.108649,13.1249,77.6514
1140774666,1747907715,0.358033,1.43857e-06,1.41123e-05,13.1249,77.6514
1140774666,1747907718,0.441655,-3.627e-06,-3.55809e-05,13.1249,77.6514
1140774666,1747907720,0.116683,7.94986e-07,7.79881e-06,18.5887,73.703
1140774666,1747907724,1.7958,1.6198e-06,1.58902e-05,13.1249,77.6514
1140774666,1747907725,1918890.0,-0.00261462,-0.0256494,18.5887,73.703
1140774666,1747907727,1609540.0,-0.00129634,-0.0127171,13.1249,77.6514
1140774666,1747907730,0.0458414,-3.79076e-07,-3.71873e-06,13.1249,77.6514
1140774666,1747907733,2.12543,-3.40158e-06,-3.33695e-05,13.1249,77.6514
1140774666,1747907735,0.199947,4.72477e-06,4.635e-05,18.5887,73.703
1140774666,1747907739,1.44251,-3.23221e-06,-3.1708e-05,13.1249,77.6514
1140774666,1747907740,1874200.0,0.00174184,0.0170875,18.5887,73.703
1140774666,1747907742,1744910.0,0.00602698,0.0591247,13.1249,77.6514
1140774666,1747907745,1.04653,3.11773e-06,3.05849e-05,13.1249,77.6514
1140774666,1747907748,2.13352,1.72882e-06,1.69597e-05,13.1249,77.6514
1140774666,1747907750,0.224713,2.92691e-06,2.8713e-05,18.5887,73.703
1140774666,1747907754,0.390825,-1.52505e-06,-1.49607e-05,13.1249,77.6514
1140774666,1747907756,1851990.0,-0.00099789,-0.0097893,18.5887,73.703
1140774666,1747907757,1662970.0,-0.00291397,-0.028586,13.1249,77.6514
1140774666,1747907760,1.92984,-5.97804e-07,-5.86446e-06,13.1249,77.6514
1140774666,1747907763,2.27521,2.52445e-07,2.47649e-06,13.1249,77.6514
1140774666,1747907765,0.267618,-1.80469e-06,-1.7704e-05,18.5887,73.703
1140774666,1747907769,0.845274,-2.08098e-07,-2.04144e-06,13.1249,77.6514
1140774666,1747907771,1804170.0,-0.000340172,-0.00333709,18.5887,73.703
1140774666,1747907772,1731240.0,0.00488309,0.0479031,13.1249,77.6514
1140774666,1747907775,0.485589,5.1119e-08,5.01477e-07,13.1249,77.6514
1140774666,1747907778,0.65943,1.88338e-06,1.8476e-05,13.1249,77.6514
1140774666,1747907781,0.915579,-1.24298e-06,-1.21936e-05,18.5887,73.703
1140774666,1747907784,0.669934,-1.78871e-06,-1.75472e-05,13.1249,77.6514
1140774666,1747907786,1913350.0,0.000826913,0.00811202,18.5887,73.703
1140774666,1747907787,1764600.0,0.000702501,0.00689153,13.1249,77.6514
1140774666,1747907790,2.32609,-1.89908e-06,-1.86299e-05,13.1249,77.6514
1140774666,1747907793,1.19245,4.86526e-06,4.77282e-05,13.1249,77.6514
1140774666,1747907796,0.024017,-5.81614e-06,-5.70563e-05,18.5887,73.703
1140774666,1747907799,0.845655,5.25165e-06,5.15187e-05,13.1249,77.6514
1140774666,1747907801,1899660.0,0.000752197,0.00737905,18.5887,73.703
1140774666,1747907802,1696940.0,-0.00168687,-0.0165481,13.1249,77.6514
1140774666,1747907805,1.5378,-2.75542e-06,-2.70307e-05,13.1249,77.6514
1140774666,1747907808,1.4042,4.24081e-06,4.16023e-05,13.1249,77.6514
1140774666,1747907811,0.41656,-1.91206e-06,-1.87573e-05,18.5887,73.703
1140774666,1747907814,1.73989,7.99379e-08,7.84191e-07,13.1249,77.6514
1140774666,1747907816,1899660.0,-0.000293244,-0.00287672,18.5887,73.703
1140774666,1747907817,1572360.0,-0.000127003,-0.0012459,13.1249,77.6514
1140774666,1747907820,2.44914,-2.84745e-07,-2.79335e-06,13.1249,77.6514
1140774666,1747907823,0.065987,4.15003e-07,4.07118e-06,13.1249,77.6514
1140774666,1747907826,0.310872,7.59197e-07,7.44772e-06,18.5887,73.703
1140774666,1747907829,2.31787,9.48034e-08,9.30022e-07,13.1249,77.6514
1140774666,1747907831,1975990.0,-0.00451078,-0.0442508,18.5887,73.703
1140774666,1747907832,1585510.0,0.000288132,0.00282658,13.1249,77.6514
1140774666,1747907835,0.0216299,3.9361e-07,3.86131e-06,13.1249,77.6514
1140774666,1747907838,1.79013,-8.36883e-07,-8.20982e-06,13.1249,77.6514
1140774666,1747907841,0.311375,-2.15882e-06,-2.1178e-05,18.5887,73.703
1140774666,1747907844,1.89134,6.45391e-07,6.33129e-06,13.1249,77.6514
1140774666,1747907846,2014960.0,0.00129079,0.0126626,18.5887,73.703
1140774666,1747907847,1544920.0,0.000808917,0.00793548,13.1249,77.6514
1140774666,1747907850,1.12826,1.89644e-06,1.86041e-05,13.1249,77.6514
1140774666,1747907853,0.598293,-1.81089e-06,-1.77649e-05,13.1249,77.6514
1140774666,1747907856,0.188667,-1.08486e-06,-1.06425e-05,18.5887,73.703
1140774666,1747907860,1.80939,9.53487e-07,9.3537e-06,13.1249,77.6514
1140774666,1747907861,2076420.0,0.00116052,0.0113847,18.5887,73.703
1140774666,1747907862,1706780.0,-0.000680894,-0.00667957,13.1249,77.6514
1140774666,1747907866,1.49965,3.80117e-06,3.72895e-05,13.1249,77.6514
1140774666,1747907868,1.04458,-7.77845e-07,-7.63066e-06,13.1249,77.6514
1140774666,1747907871,0.765298,8.79846e-07,8.63129e-06,18.5887,73.703
1140774666,1747907874,2.05306,-1.95332e-06,-1.91621e-05,13.2771,77.756
1140774666,1747907876,1909710.0,0.00344335,0.0337793,18.5887,73.703
1140774666,1747907877,1569950.0,0.001854,0.0181877,13.2771,77.756
1140774666,1747907880,1.03078,1.28145e-06,1.2571e-05,13.2771,77.756
1140774666,1747907884,0.930568,-1.29971e-06,-1.27502e-05,13.2771,77.756
1140774666,1747907886,0.664977,4.41074e-07,4.32694e-06,18.5887,73.703
1140774666,1747907889,2.26201,5.71431e-07,5.60573e-06,13.2771,77.756
1140774666,1747907891,1886450.0,0.00265295,0.0260255,18.5887,73.703
1140774666,1747907893,1559730.0,-0.000498729,-0.00489254,13.2771,77.756
1140774666,1747907896,1.24036,1.59003e-06,1.55981e-05,13.2771,77.756
1140774666,1747907899,1.7482,-2.0563e-06,-2.01723e-05,13.2771,77.756
1140774666,1747907901,0.0301794,-4.82501e-07,-4.73333e-06,18.5887,73.703
1140774666,1747907905,1.21011,1.10195e-06,1.08102e-05,13.2771,77.756
1140774666,1747907906,1875690.0,-0.000835146,-0.00819278,18.5887,73.703
1140774666,1747907908,1504410.0,-0.00207487,-0.0203545,13.2771,77.756
1140774666,1747907911,0.664631,-1.74373e-06,-1.7106e-05,13.2771,77.756
1140774666,1747907914,0.466011,-8.55774e-07,-8.39515e-06,13.2771,77.756
1140774666,1747907916,0.756955,1.72789e-06,1.69506e-05,18.5887,73.703
1140774666,1747907920,2.26407,-1.79944e-06,-1.76525e-05,13.2771,77.756
1140774666,1747907921,1859750.0,0.00489679,0.0480375,18.5887,73.703
1140774666,1747907923,1642530.0,0.00564417,0.0553693,13.2771,77.756
1140774666,1747907926,1.73853,4.80949e-06,4.71811e-05,13.2771,77.756
1140774666,1747907929,0.661638,-2.45497e-06,-2.40832e-05,13.2771,77.756
1140774666,1747907931,0.0539123,-3.40513e-07,-3.34044e-06,18.5887,73.703
1140774666,1747907935,1.80942,6.52547e-07,6.40149e-06,13.2771,77.756
1140774666,1747907936,2169700.0,-0.000981124,-0.00962483,18.5887,73.703
1140774666,1747907938,1568090.0,-0.00201696,-0.0197864,13.2771,77.756
1140774666,1747907941,2.06308,-1.40157e-06,-1.37494e-05,13.2771,77.756
1140774666,1747907944,1.48955,-8.57279e-07,-8.40991e-06,13.2771,77.756
1140774666,1747907946,0.63472,3.92762e-06,3.853e-05,18.5887,73.703
1140774666,1747907950,1.57633,-3.52148e-09,-3.45457e-08,13.2771,77.756
1140774666,1747907951,2051230.0,-0.00227892,-0.0223562,18.5887,73.703
1140774666,1747907953,1444870.0,0.00133939,0.0131394,13.2771,77.756
1140774666,1747907956,2.31996,-1.30566e-06,-1.28085e-05,13.2771,77.756
1140774666,1747907959,1.80271,-6.36643e-07,-6.24547e-06,13.2771,77.756
1140774666,1747907961,0.829927,2.36403e-06,2.31911e-05,18.5887,73.703
1140774666,1747907965,0.0385331,-7.89215e-08,-7.7422e-07,13.2771,77.756
1140774666,1747907966,2302720.0,-0.000291442,-0.00285905,18.5887,73.703
1140774666,1747907968,1541450.0,-0.00302286,-0.0296542,13.2771,77.756
1140774666,1747907971,1.32452,-4.0707e-07,-3.99336e-06,13.2771,77.756
1140774666,1747907974,0.86225,-3.36667e-07,-3.30271e-06,13.2771,77.756
1140774666,1747907976,0.873161,3.29833e-07,3.23567e-06,18.5887,73.703
1140774666,1747907980,0.842608,5.35842e-07,5.25661e-06,13.2771,77.756
1140774666,1747907981,2073900.0,-0.00305391,-0.0299589,18.5887,73.703
1140774666,1747907983,1555120.0,-0.00275947,-0.0270704,13.2771,77.756
1140774666,1747907986,2.01982,-2.00609e-07,-1.96798e-06,13.2771,77.756
1140774666,1747907989,1.8106,-9.4559e-07,-9.27623e-06,13.2771,77.756
1140774666,1747907991,0.69213,-6.2562e-07,-6.13733e-06,18.5887,73.703
1140774666,1747907995,1.95626,1.23708e-06,1.21358e-05,13.2771,77.756
1140774666,1747907996,1770850.0,-0.00411726,-0.0403903,18.5887,73.703
1140774666,1747907998,1879710.0,-0.00151679,-0.0148797,13.2771,77.756
1140774666,1747908001,0.182648,5.94637e-07,5.83339e-06,13.2771,77.756
1140774666,1747908004,2.33597,1.37589e-07,1.34975e-06,13.2771,77.756
1140774666,1747908006,0.444704,-1.69048e-06,-1.65837e-05,18.5887,73.703
1140774666,1747908010,0.138004,4.71456e-08,4.62499e-07,13.2771,77.756
1140774666,1747908011,1682470.0,-0.0015457,-0.0151633,18.5887,73.703
1140774666,1747908013,1885090.0,-0.0004387,-0.00430365,13.2771,77.756
1140774666,1747908016,1.083,1.30623e-06,1.28141e-05,13.2771,77.756
1140774666,1747908019,0.291713,-1.89716e-06,-1.86111e-05,13.2771,77.756
1140774666,1747908021,1.08915,-1.08073e-06,-1.0602e-05,18.5887,73.703
1140774666,1747908025,1.45453,8.16723e-07,8.01205e-06,13.2771,77.756
1140774666,1747908026,1578440.0,2.08772e-06,2.04805e-05,18.5887,73.703
1140774666,1747908028,1744980.0,0.000148425,0.00145605,13.2771,77.756
1140774666,1747908031,2.47605,-1.33166e-06,-1.30636e-05,13.2771,77.756
1140774666,1747908034,0.136565,1.9193e-06,1.88283e-05,13.2771,77.756
1140774666,1747908036,0.667349,-1.50151e-06,-1.47298e-05,18.5887,73.703
1140774666,1747908040,1.04221,4.50538e-08,4.41978e-07,13.2771,77.756
1140774666,1747908041,1768450.0,0.00117689,0.0115453,18.5887,73.703
1140774666,1747908043,1799910.0,0.000435648,0.00427371,13.2771,77.756
1140774666,1747908046,1.43002,-2.9124e-07,-2.85706e-06,13.2771,77.756
1140774666,1747908049,0.3908,-3.20136e-06,-3.14054e-05,13.2771,77.756
1140774666,1747908052,0.673307,1.09507e-05,0.000107426,18.5887,73.703
1140774666,1747908055,0.868198,-4.03079e-06,-3.95421e-05,13.2771,77.756
1140774666,1747908057,1708720.0,-0.000485083,-0.00475866,18.5887,73.703
1140774666,1747908058,1661220.0,-0.00107461,-0.0105419,13.2771,77.756
1140774666,1747908061,0.178367,1.07374e-06,1.05334e-05,13.2771,77.756
1140774666,1747908064,1.05159,1.17869e-06,1.15629e-05,13.2771,77.756
1140774666,1747908067,0.462785,1.19055e-06,1.16793e-05,18.5887,73.703
1140774666,1747908070,1.67157,-8.98304e-07,-8.81236e-06,13.2771,77.756
1140774666,1747908072,1807340.0,-0.000342917,-0.00336402,18.5887,73.703
1140774666,1747908073,1823640.0,-0.00149107,-0.0146274,13.2771,77.756
1140774666,1747908076,2.31446,-6.87517e-08,-6.74454e-07,13.2771,77.756
1140774666,1747908079,1.51897,1.10884e-06,1.08777e-05,13.2771,77.756
1140774666,1747908082,0.246776,2.88271e-07,2.82794e-06,18.5887,73.703
1140774666,1747908085,2.04106,-4.06233e-07,-3.98514e-06,13.2771,77.756
1140774666,1747908087,1700980.0,-0.00238935,-0.0234395,18.5887,73.703
1140774666,1747908088,1804890.0,-0.00147766,-0.0144959,13.2771,77.756
1140774666,1747908091,1.66986,6.89031e-08,6.7594e-07,13.2771,77.756
1140774666,1747908094,1.11335,-1.05303e-07,-1.03302e-06,13.2771,77.756
1140774666,1747908097,0.388914,-8.97289e-07,-8.8024e-06,18.5887,73.703
1140774666,1747908100,1.43595,8.6502e-07,8.48585e-06,13.2771,77.756
1140774666,1747908102,1662280.0,-0.00258092,-0.0253189,18.5887,73.703
1140774666,1747908103,1782850.0,-0.000808141,-0.00792786,13.2771,77.756
1140774666,1747908106,0.638365,3.86525e-07,3.79181e-06,13.2771,77.756
1140774666,1747908109,1.45711,1.27074e-06,1.2466e-05,13.2771,77.756
1140774666,1747908112,0.291181,-2.57209e-06,-2.52322e-05,18.5887,73.703
1140774666,1747908115,2.19929,1.70254e-06,1.67019e-05,13.2771,77.756
1140774666,1747908117,1712050.0,-0.00204188,-0.0200309,18.5887,73.703
1140774666,1747908118,1668600.0,0.000507633,0.00497988,13.2771,77.756
1140774666,1747908121,1.25236,-1.9451e-06,-1.90814e-05,13.2771,77.756
1140774666,1747908124,0.0215325,1.0467e-06,1.02682e-05,13.2771,77.756
1140774666,1747908127,0.0398859,3.21154e-07,3.15052e-06,18.5887,73.703
1140774666,1747908130,0.0164503,-1.76887e-06,-1.73526e-05,13.2771,77.756
1140774666,1747908132,1795030.0,0.0010969,0.0107606,18.5887,73.703
1140774666,1747908133,1584160.0,0.00389142,0.0381748,13.2771,77.756
1140774666,1747908136,0.424722,2.65822e-06,2.60771e-05,13.2771,77.756
1140774666,1747908139,0.92041,6.80449e-07,6.67521e-06,13.2771,77.756
1140774666,1747908142,0.968291,-2.31328e-06,-2.26933e-05,18.5887,73.703
1140774666,1747908145,1.32549,1.6086e-06,1.57804e-05,13.2771,77.756
1140774666,1747908147,1481510.0,-3.83945e-06,-3.7665e-05,18.5887,73.703
1140774666,1747908148,2196900.0,-0.00359374,-0.0352545,13.2771,77.756
1140774666,1747908151,2.19101,-1.80537e-06,-1.77107e-05,13.2771,77.756
1140774666,1747908154,1.01773,2.44472e-07,2.39827e-06,13.2771,77.756
1140774666,1747908157,0.120319,2.42459e-07,2.37852e-06,18.5887,73.703
1140774666,1747908160,0.00244532,-1.45307e-07,-1.42546e-06,13.2771,77.756
1140774666,1747908162,1708720.0,0.00125259,0.0122879,18.5887,73.703
1140774666,1747908163,1747310.0,-0.00163425,-0.016032,13.2771,77.756
1140774666,1747908166,2.10458,6.22219e-07,6.10397e-06,13.2771,77.756
1140774666,1747908169,0.714675,-1.04522e-06,-1.02536e-05,13.2771,77.756
1140774666,1747908172,0.560619,1.7362e-07,1.70321e-06,18.5887,73.703
1140774666,1747908175,0.647546,6.9406e-07,6.80873e-06,13.036,77.6025
1140774666,1747908177,1626730.0,-0.000191118,-0.00187487,18.5887,73.703
1140774666,1747908178,2264490.0,0.00100949,0.00990306,13.036,77.6025
1140774666,1747908181,0.966214,-1.66271e-06,-1.63112e-05,13.036,77.6025
1140774666,1747908184,1.91433,1.81952e-07,1.78495e-06,13.036,77.6025
1140774666,1747908187,0.233072,1.74855e-06,1.71533e-05,18.5887,73.703
1140774666,1747908190,0.462579,-6.22227e-08,-6.10405e-07,13.036,77.6025
1140774666,1747908192,1834270.0,-0.00138618,-0.0135984,18.5887,73.703
1140774666,1747908193,1636700.0,-0.000145437,-0.00142674,13.036,77.6025
1140774666,1747908196,1.25675,-9.07284e-07,-8.90046e-06,13.036,77.6025
1140774666,1747908199,2.33465,-8.40781e-08,-8.24806e-07,13.036,77.6025
1140774666,1747908202,0.245122,-6.51927e-07,-6.39541e-06,18.5887,73.703
1140774666,1747908206,1.30427,2.1369e-06,2.0963e-05,13.036,77.6025
1140774666,1747908207,2160250.0,-0.00173552,-0.0170255,18.5887,73.703
1140774666,1747908208,1629730.0,-0.000611167,-0.00599555,13.036,77.6025
1140774666,1747908212,0.106561,3.11367e-06,3.05451e-05,13.036,77.6025
1140774666,1747908215,2.33708,-5.53936e-06,-5.43411e-05,13.036,77.6025
1140774666,1747908217,1.2008,1.09548e-06,1.07466e-05,18.5887,73.703
1140774666,1747908221,0.764948,1.17963e-06,1.15722e-05,13.036,77.6025
1140774666,1747908222,2422440.0,-0.0017018,-0.0166946,18.5887,73.703
1140774666,1747908224,1508390.0,0.00141337,0.0138651,13.036,77.6025
1140774666,1747908227,0.262783,6.89932e-07,6.76823e-06,13.036,77.6025
1140774666,1747908230,2.0578,-4.08458e-07,-4.00698e-06,13.036,77.6025
1140774666,1747908232,0.510592,-5.50741e-07,-5.40277e-06,18.5887,73.703
1140774666,1747908236,0.619271,-1.00267e-06,-9.83618e-06,13.036,77.6025
1140774666,1747908237,2350060.0,-0.000433912,-0.00425667,18.5887,73.703
1140774666,1747908239,1559400.0,5.89889e-05,0.000578681,13.036,77.6025
1140774666,1747908242,0.492651,-1.1132e-07,-1.09205e-06,13.036,77.6025
1140774666,1747908245,1.22826,3.80665e-07,3.73433e-06,13.036,77.6025
1140774666,1747908247,0.478548,5.16638e-07,5.06822e-06,18.5887,73.703
1140774666,1747908251,1.80616,1.4831e-07,1.45492e-06,13.036,77.6025
1140774666,1747908252,1761790.0,-0.00215644,-0.0211547,18.5887,73.703
1140774666,1747908254,1698030.0,0.000671962,0.00659195,13.036,77.6025
1140774666,1747908257,2.37022,-1.35989e-06,-1.33405e-05,13.036,77.6025
1140774666,1747908260,2.2785,-2.70243e-07,-2.65108e-06,13.036,77.6025
1140774666,1747908262,0.448548,2.238e-06,2.19547e-05,18.5887,73.703
1140774666,1747908266,0.704145,1.07584e-06,1.0554e-05,13.036,77.6025
1140774666,1747908267,1730980.0,0.00126081,0.0123686,18.5887,73.703
1140774666,1747908269,1619850.0,-0.0041148,-0.0403662,13.036,77.6025
1140774666,1747908272,0.490436,3.63973e-07,3.57058e-06,13.036,77.6025
1140774666,1747908275,0.0288905,-2.65679e-06,-2.60631e-05,13.036,77.6025
1140774666,1747908277,0.92762,-1.30306e-07,-1.2783e-06,18.5887,73.703
1140774666,1747908281,0.815453,1.81268e-06,1.77824e-05,13.036,77.6025
1140774666,1747908282,2000300.0,-0.00179139,-0.0175735,18.5887,73.703
1140774666,1747908284,1679900.0,-0.00138685,-0.013605,13.036,77.6025
1140774666,1747908287,1.57188,-9.40861e-07,-9.22984e-06,13.036,77.6025
1140774666,1747908290,0.496193,2.84433e-06,2.79028e-05,13.036,77.6025
1140774666,1747908292,0.746637,-6.06987e-06,-5.95454e-05,18.5887,73.703
1140774666,1747908296,1.99598,2.29585e-06,2.25223e-05,13.036,77.6025
1140774666,1747908297,1973730.0,-0.00290835,-0.0285309,18.5887,73.703
1140774666,1747908299,1684130.0,0.00129939,0.012747,13.036,77.6025
1140774666,1747908302,0.506183,-1.50252e-06,-1.47397e-05,13.036,77.6025
1140774666,1747908305,1.42602,-1.83253e-06,-1.79771e-05,13.036,77.6025
1140774666,1747908307,0.288756,1.24054e-06,1.21697e-05,18.5887,73.703
1140774666,1747908311,2.17135,2.00411e-06,1.96604e-05,13.036,77.6025
1140774666,1747908312,2010820.0,0.000559926,0.00549287,18.5887,73.703
1140774666,1747908314,1785290.0,-0.00434983,-0.0426718,13.036,77.6025
1140774666,1747908317,1.68756,-2.19954e-06,-2.15775e-05,13.036,77.6025
1140774666,1747908320,0.970546,1.05039e-06,1.03043e-05,13.036,77.6025
1140774666,1747908322,0.472896,-1.09529e-06,-1.07447e-05,18.5887,73.703
1140774666,1747908326,0.969568,1.32948e-06,1.30422e-05,13.036,77.6025
1140774666,1747908327,2012330.0,-0.00363393,-0.0356488,18.5887,73.703
1140774666,1747908329,1703430.0,-0.0017163,-0.0168369,13.036,77.6025
1140774666,1747908332,0.595047,-1.42998e-06,-1.40281e-05,13.036,77.6025
1140774666,1747908335,1.06913,-1.0879e-06,-1.06723e-05,13.036,77.6025
1140774666,1747908337,0.4418,-8.64428e-07,-8.48004e-06,18.5887,73.703
1140774666,1747908341,1.30887,1.00776e-06,9.88617e-06,13.036,77.6025
1140774666,1747908342,2079620.0,-1.04179e-05,-0.0001022,18.5887,73.703
1140774666,1747908344,1695880.0,-0.00010719,-0.00105153,13.036,77.6025
1140774666,1747908347,1.24901,-1.56811e-07,-1.53831e-06,13.036,77.6025
1140774666,1747908350,2.07769,-1.05383e-07,-1.0338e-06,13.036,77.6025
1140774666,1747908353,0.235056,-2.86916e-06,-2.81465e-05,18.5887,73.703
1140774666,1747908356,0.500721,6.42372e-07,6.30167e-06,13.036,77.6025
1140774666,1747908358,1828000.0,0.0041865,0.0410696,18.5887,73.703
1140774666,1747908359,1810680.0,0.00124494,0.0122128,13.036,77.6025
1140774666,1747908362,1.41171,4.40527e-05,0.000432157,13.036,77.6025
1140774666,1747908365,1.86131,-4.04746e-05,-0.000397055,13.036,77.6025
1140774666,1747908367,0.824176,2.17277e-06,2.13148e-05,18.5887,73.703
1140774666,1747908371,0.738673,-1.03338e-06,-1.01375e-05,13.036,77.6025
1140774666,1747908373,1808240.0,-0.00033787,-0.0033145,18.5887,73.703
1140774666,1747908374,1731000.0,-0.00137424,-0.0134812,13.036,77.6025
1140774666,1747908377,1.84894,-1.62063e-06,-1.58983e-05,13.036,77.6025
1140774666,1747908380,0.192037,1.20369e-06,1.18082e-05,13.036,77.6025
1140774666,1747908383,0.283752,5.9059e-07,5.79368e-06,18.5887,73.703
1140774666,1747908386,1.23347,-3.02977e-08,-2.97221e-07,13.036,77.6025
1140774666,1747908388,1858500.0,1.24225e-05,0.000121864,18.5887,73.703
1140774666,1747908389,1811910.0,0.00169224,0.0166009,13.036,77.6025
1140774666,1747908392,0.218646,1.33612e-06,1.31073e-05,13.036,77.6025
1140774666,1747908395,1.04179,-8.29605e-07,-8.13843e-06,13.036,77.6025
1140774666,1747908398,0.228492,-5.68794e-07,-5.57987e-06,18.5887,73.7031
1140774666,1747908401,1.04859,9.46593e-07,9.28608e-06,13.036,77.6025
1140774666,1747908403,1976610.0,-0.0017855,-0.0175158,18.5887,73.703
1140774666,1747908404,1625760.0,-0.000269425,-0.00264306,13.036,77.6025
1140774666,1747908407,1.05786,-2.52299e-07,-2.47505e-06,13.036,77.6025
1140774666,1747908410,0.163369,-1.47109e-06,-1.44314e-05,13.036,77.6025
1140774666,1747908413,0.849955,1.88399e-06,1.8482e-05,18.5887,73.703
1140774666,1747908416,1.24755,4.27376e-07,4.19256e-06,13.036,77.6025
1140774666,1747908418,2112480.0,-0.0059663,-0.0585294,18.5887,73.703
1140774666,1747908419,1636720.0,-0.00351617,-0.0344936,13.036,77.6025
1140774666,1747908422,0.732554,-4.94269e-06,-4.84878e-05,13.036,77.6025
1140774666,1747908425,1.93269,2.65674e-06,2.60626e-05,13.036,77.6025
1140774666,1747908428,0.378068,-1.36217e-06,-1.33629e-05,18.5887,73.703
1140774666,1747908431,1.83775,9.4625e-07,9.28271e-06,13.036,77.6025
1140774666,1747908433,2081230.0,-0.00194803,-0.0191102,18.5887,73.703
1140774666,1747908434,1664210.0,-0.00442648,-0.0434237,13.036,77.6025
1140774666,1747908437,0.815943,-1.98243e-06,-1.94477e-05,13.036,77.6025
1140774666,1747908440,1.67083,2.58504e-06,2.53593e-05,13.036,77.6025
1140774666,1747908443,0.21004,-4.40117e-06,-4.31755e-05,18.5887,73.703
1140774666,1747908446,0.891717,1.75064e-06,1.71738e-05,13.036,77.6025
1140774666,1747908448,1866280.0,-0.00021183,-0.00207805,18.5887,73.703
1140774666,1747908449,1714350.0,0.00295372,0.028976,13.036,77.6025
1140774666,1747908452,1.15776,2.4759e-06,2.42886e-05,13.036,77.6025
1140774666,1747908456,1.73873,-3.05568e-06,-2.99762e-05,13.036,77.6025
1140774666,1747908458,1.02446,-6.31209e-07,-6.19216e-06,18.5887,73.7031
1140774666,1747908461,2.29598,1.00948e-06,9.90296e-06,13.036,77.6025
1140774666,1747908463,1925390.0,0.00153003,0.0150096,18.5887,73.703
1140774666,1747908464,1640720.0,-0.000252841,-0.00248037,13.036,77.6025
1140774666,1747908467,1.63206,1.56363e-06,1.53392e-05,13.036,77.6025
1140774666,1747908470,1.1921,-4.65403e-07,-4.56561e-06,13.036,77.6025
1140774666,1747908473,0.452207,-1.80813e-06,-1.77378e-05,18.5887,73.703
1140774666,1747908477,1.79934,2.9123e-06,2.85697e-05,13.036,77.6025
1140774666,1747908478,1973730.0,0.00142069,0.013937,18.5887,73.703
1140774666,1747908479,1649850.0,-0.00465631,-0.0456784,13.036,77.6025
1140774666,1747908483,2.12827,-1.40998e-06,-1.38319e-05,13.036,77.6025
1140774666,1747908485,1.03917,-2.53087e-06,-2.48278e-05,13.036,77.6025
1140774666,1747908488,0.460643,4.19589e-07,4.11617e-06,18.5887,73.703
1140774666,1747908492,0.263403,6.5084e-08,6.38474e-07,13.036,77.6025
1140774666,1747908493,2023000.0,0.00329903,0.0323634,18.5887,73.703
1140774666,1747908494,1674630.0,0.0047287,0.0463886,13.036,77.6025
1140774666,1747908498,0.842322,-5.06736e-07,-4.97108e-06,13.036,77.6025
1140774666,1747908500,1.39596,-3.8505e-07,-3.77734e-06,13.036,77.6025
